--
-- Generated by mysql-backup4j
-- https://github.com/SeunMatt/mysql-backup4j
-- Date: 1-4-2020 23:28:32
--

/*!40101 SET @OLD_CHARACTER_SET_CLIENT=@@CHARACTER_SET_CLIENT */;
/*!40101 SET NAMES utf8 */;
/*!50503 SET NAMES utf8mb4 */;
/*!40014 SET @OLD_FOREIGN_KEY_CHECKS=@@FOREIGN_KEY_CHECKS, FOREIGN_KEY_CHECKS=0 */;
/*!40101 SET @OLD_SQL_MODE=@@SQL_MODE, SQL_MODE='NO_AUTO_VALUE_ON_ZERO' */;

--
-- start  table dump : content
--

CREATE TABLE IF NOT EXISTS `content` (
  `dtype` varchar(31) NOT NULL,
  `content_id` int(11) NOT NULL,
  `available_date` datetime DEFAULT NULL,
  `deleted` bit(1) NOT NULL,
  `description` varchar(255) DEFAULT NULL,
  `end_date` datetime DEFAULT NULL,
  `title` varchar(255) DEFAULT NULL,
  `type` varchar(255) DEFAULT NULL,
  `asylum_seeker_name` varchar(255) DEFAULT NULL,
  `content_rating` varchar(255) DEFAULT NULL,
  `country_of_origin` varchar(255) DEFAULT NULL,
  `state` varchar(255) DEFAULT NULL,
  `create_date_time` datetime DEFAULT NULL,
  `update_date_time` datetime DEFAULT NULL,
  `creator` int(11) NOT NULL,
  `creator_user_user_id` int(11) DEFAULT NULL,
  `country_full` varchar(255) DEFAULT NULL,
  `language` varchar(255) DEFAULT NULL,
  PRIMARY KEY (`content_id`),
  KEY `FKl02bflqr8jer9rcltmdlplytg` (`creator`),
  KEY `FKdcfbqnd96nfoypqii7xyg6hj6` (`creator_user_user_id`),
  CONSTRAINT `FKdcfbqnd96nfoypqii7xyg6hj6` FOREIGN KEY (`creator_user_user_id`) REFERENCES `user` (`user_id`),
  CONSTRAINT `FKl02bflqr8jer9rcltmdlplytg` FOREIGN KEY (`creator`) REFERENCES `user` (`user_id`)
) ENGINE=InnoDB DEFAULT CHARSET=utf8mb4 COLLATE=utf8mb4_0900_ai_ci;



--
-- end  table dump : content
--


--
-- Inserts of content
--


/*!40000 ALTER TABLE `content` DISABLE KEYS */;

--
-- start table insert : content
--
INSERT INTO `content`(`dtype`, `content_id`, `available_date`, `deleted`, `description`, `end_date`, `title`, `type`, `asylum_seeker_name`, `content_rating`, `country_of_origin`, `state`, `create_date_time`, `update_date_time`, `creator`, `creator_user_user_id`, `country_full`, `language`) VALUES 
('Story', 1397, null, 1, '', null, '', null, '', 'no rating defined', 'US', 'ARCHIVED', '2020-03-30 05:23:27', '2020-04-01 04:20:16', 1, 1, null, null),
('Story', 1407, null, 1, '', null, '', null, '', 'no rating defined', 'US', 'ARCHIVED', '2020-03-30 14:58:01', '2020-04-01 03:20:31', 2, 2, null, null),
('Story', 1411, null, 1, 'f', null, 'f', null, 'f', 'no rating defined', 'US', 'ARCHIVED', '2020-03-30 15:18:48', '2020-04-01 03:21:04', 1, 1, null, null),
('Story', 1420, null, 1, 'f', null, 'ff', null, 'f', 'no rating defined', 'ET', 'DRAFT', '2020-03-30 17:25:33', '2020-03-30 17:48:33', 634, 634, null, null),
('Story', 1427, null, 0, 'sss', null, 'ff', null, 'asdf', 'no rating defined', 'AD', 'PREPUBLISHED', '2020-03-31 02:38:11', '2020-04-02 05:23:03', 2, 2, 'Andorra', null),
('Story', 1436, null, 0, 'f', null, 'f', null, 'f', 'no rating defined', 'AQ', 'PUBLISHED', '2020-03-31 03:45:14', '2020-03-31 04:06:49', 1, 1, null, null),
('Story', 1439, null, 1, 'hi', null, 'hi', null, 'hi', 'no rating defined', 'TV', 'DRAFT', '2020-03-31 04:06:50', '2020-04-01 19:37:40', 641, 641, null, null),
('Story', 1440, null, 0, '', null, '', null, '', 'no rating defined', 'US', 'DRAFT', '2020-03-31 04:06:50', '2020-03-31 04:06:50', 1, 1, null, null),
('Story', 1441, null, 0, '', null, '', null, '', 'no rating defined', 'US', 'DRAFT', '2020-03-31 04:06:50', '2020-03-31 04:06:50', 658, 658, null, null),
('Story', 1442, null, 0, 'fff', null, 'asdf', null, 'asdf', 'no rating defined', 'GB', 'PREPUBLISHED', '2020-03-31 04:06:50', '2020-04-01 21:36:07', 2, 2, 'United Kingdom', null),
('Story', 1443, null, 0, 'ff', null, 'ff', null, 'ff', 'no rating defined', 'AQ', 'DRAFT', '2020-03-31 04:09:14', '2020-03-31 04:45:05', 755, 755, null, null),
('Story', 1451, null, 0, 'f', null, 'f', null, 'f', 'no rating defined', 'US', 'DRAFT', '2020-03-31 04:54:03', '2020-03-31 04:54:47', 755, 755, null, null),
('Story', 1455, null, 0, 'a', null, 'a', null, 'a', 'no rating defined', 'US', 'DRAFT', '2020-03-31 05:07:50', '2020-03-31 05:08:55', 2, 2, null, null),
('Story', 1458, null, 0, 'fd', null, 'fd', null, 'fd', 'no rating defined', 'US', 'DRAFT', '2020-03-31 05:28:26', '2020-03-31 05:33:50', 2, 2, null, null),
('Story', 1463, null, 0, '', null, '', null, '', 'no rating defined', 'US', 'DRAFT', '2020-03-31 14:45:14', '2020-03-31 14:45:14', 1, 1, null, null),
('Story', 1464, null, 0, '', null, '', null, '', 'no rating defined', 'US', 'DRAFT', '2020-03-31 14:45:21', '2020-03-31 14:45:21', 1, 1, null, null),
('Story', 1465, null, 0, 'sd', null, 'f', null, 'asdf', 'no rating defined', 'AG', 'DRAFT', '2020-03-31 15:06:41', '2020-03-31 15:07:30', 634, 634, null, null),
('Story', 1467, null, 0, 'f', null, 'f', null, 'f', 'no rating defined', 'AQ', 'DRAFT', '2020-03-31 15:17:38', '2020-03-31 15:17:59', 634, 634, null, null),
('Story', 1470, null, 0, 'f', null, 'test', null, 'asdf', 'no rating defined', 'AQ', 'DRAFT', '2020-03-31 15:34:45', '2020-03-31 15:35:25', 641, 641, null, null),
('Story', 1473, null, 0, 'f', null, 'f', null, 'f', 'no rating defined', 'AO', 'DRAFT', '2020-03-31 16:47:31', '2020-03-31 16:47:42', 641, 641, null, null),
('Story', 1477, null, 0, 'f', null, 'f', null, 'f', 'no rating defined', 'AQ', 'PUBLISHED', '2020-03-31 16:55:22', '2020-03-31 17:00:12', 2, 2, null, null),
('Story', 1480, null, 0, 'uj', null, 'k', null, 'k', 'no rating defined', 'BR', 'PUBLISHED', '2020-03-31 17:08:20', '2020-03-31 17:17:24', 2, 2, null, null),
('Story', 1484, null, 0, 'f', null, 'f', null, 'f', 'no rating defined', 'AG', 'DRAFT', '2020-03-31 17:51:47', '2020-03-31 17:52:04', 2, 2, null, null),
('Story', 1489, null, 0, 'f', null, 'f', null, 'f', 'no rating defined', 'AQ', 'DRAFT', '2020-03-31 18:44:31', '2020-03-31 20:02:05', 2, 2, null, null);
--
-- end table insert : content
--

/*!40000 ALTER TABLE `content` ENABLE KEYS */;


--
-- start  table dump : content_element
--

CREATE TABLE IF NOT EXISTS `content_element` (
  `dtype` varchar(31) NOT NULL,
  `id` int(11) NOT NULL,
  `content_type` varchar(255) NOT NULL,
  `create_date_time` datetime DEFAULT NULL,
  `description` varchar(255) DEFAULT NULL,
  `file_path` varchar(255) DEFAULT NULL,
  `file_size` bigint(20) NOT NULL,
  `file_type` varchar(255) DEFAULT NULL,
  `language` varchar(255) DEFAULT NULL,
  `state` varchar(255) DEFAULT NULL,
  `update_date_time` datetime DEFAULT NULL,
  `length` bigint(20) DEFAULT NULL,
  `caption` varchar(255) DEFAULT NULL,
  `height` int(11) DEFAULT NULL,
  `width` int(11) DEFAULT NULL,
  `content_content_id` int(11) DEFAULT NULL,
  `faq_content_id` int(11) DEFAULT NULL,
  `mappoint_id` int(11) DEFAULT NULL,
  `question_answers_key` int(11) DEFAULT NULL,
  `deleted` bit(1) NOT NULL DEFAULT b'0',
  PRIMARY KEY (`id`),
  KEY `FK670v7fen6rdngvf7p1o7ao565` (`content_content_id`),
  KEY `FKpy1fskvxn7sihawghxu4vrl6y` (`faq_content_id`),
  KEY `FKqbmuyy43afid7n40lixuv2lvh` (`mappoint_id`),
  KEY `FKfjxcw8h8jj0j1j8uur68v2920` (`question_answers_key`),
  CONSTRAINT `FK670v7fen6rdngvf7p1o7ao565` FOREIGN KEY (`content_content_id`) REFERENCES `content` (`content_id`),
  CONSTRAINT `FKfjxcw8h8jj0j1j8uur68v2920` FOREIGN KEY (`question_answers_key`) REFERENCES `content_element` (`id`),
  CONSTRAINT `FKpy1fskvxn7sihawghxu4vrl6y` FOREIGN KEY (`faq_content_id`) REFERENCES `content` (`content_id`),
  CONSTRAINT `FKqbmuyy43afid7n40lixuv2lvh` FOREIGN KEY (`mappoint_id`) REFERENCES `map_point` (`id`)
) ENGINE=InnoDB DEFAULT CHARSET=utf8mb4 COLLATE=utf8mb4_0900_ai_ci;



--
-- end  table dump : content_element
--


--
-- Inserts of content_element
--


/*!40000 ALTER TABLE `content_element` DISABLE KEYS */;

--
-- start table insert : content_element
--
INSERT INTO `content_element`(`dtype`, `id`, `content_type`, `create_date_time`, `description`, `file_path`, `file_size`, `file_type`, `language`, `state`, `update_date_time`, `length`, `caption`, `height`, `width`, `content_content_id`, `faq_content_id`, `mappoint_id`, `question_answers_key`, `deleted`) VALUES 
('Image', 1438, 'image/jpeg', '2020-03-31 03:45:54', 'asdf', 'IMG_0001.jpg', '228187', 'image', 'ay', 'DRAFT', '2020-03-31 03:45:54', null, 'asdf', 0, 0, null, null, 1437, null, 0),
('Text', 1445, 'text/html', '2020-03-31 04:09:49', '<p>asdf</p>', 'asdf', '11', 'text', 'en', 'DRAFT', '2020-03-31 04:09:49', '11', null, null, null, null, null, 1444, null, 0),
('Image', 1446, 'image/jpeg', '2020-03-31 04:20:06', 'f', 'ff.jpg', '31623', 'image', 'en', 'DRAFT', '2020-03-31 04:20:06', null, 'f', 0, 0, null, null, 1444, null, 0),
('Text', 1447, 'text/html', '2020-03-31 04:38:03', '<p>d</p>', 'd', '8', 'text', 'en', 'DRAFT', '2020-03-31 04:38:03', '8', null, null, null, null, null, 1444, null, 0),
('Text', 1448, 'text/html', '2020-03-31 04:41:55', '<p>f</p>', 'f', '8', 'text', 'en', 'DRAFT', '2020-03-31 04:41:55', '8', null, null, null, null, null, 1444, null, 0),
('Text', 1449, 'text/html', '2020-03-31 04:45:06', '<p class="ql-indent-1">f</p>', 'f', '28', 'text', 'en', 'DRAFT', '2020-03-31 04:45:06', '28', null, null, null, null, null, 1444, null, 0),
('Audio', 1450, 'audio/mpeg', '2020-03-31 04:47:14', 'g', 'SampleAudio_0.4ffffffffffmb.mp3', '443926', 'audio', 'an', 'DRAFT', '2020-03-31 04:47:14', '36000', null, null, null, null, null, 1444, null, 0),
('Audio', 1453, 'audio/mpeg', '2020-03-31 04:55:11', 'f', 'SampleAudio_0.4ffffffffffmb.mp3', '443926', 'audio', 'en', 'DRAFT', '2020-03-31 04:55:11', '28', null, null, null, null, null, 1452, null, 0),
('Audio', 1454, 'audio/mpeg', '2020-03-31 04:58:43', 'i', 'SampleAudio_0.4ffffffffffmb.mp3', '443926', 'audio', 'be', 'DRAFT', '2020-03-31 04:58:43', '36000', null, null, null, null, null, 1452, null, 0),
('Audio', 1457, 'audio/mpeg', '2020-03-31 05:09:18', 's', 'SampleAudio_0.4ffffffffffmb.mp3', '443926', 'audio', 'en', 'DRAFT', '2020-03-31 05:09:18', '36000', null, null, null, null, null, 1456, null, 0),
('Audio', 1460, 'audio/mpeg', '2020-03-31 05:29:46', 'd', 'SampleAudio_0.4ffffffffffmb.mp3', '443926', 'audio', 'en', 'DRAFT', '2020-03-31 05:29:46', '36000', null, null, null, null, null, 1459, null, 0),
('Audio', 1461, 'audio/mpeg', '2020-03-31 05:34:01', 'd', 'SampleAudio_0.4ffffffffffmb.mp3', '443926', 'audio', 'en', 'DRAFT', '2020-03-31 05:34:01', '28', null, null, null, null, null, 1459, null, 0),
('Audio', 1469, 'audio/mpeg', '2020-03-31 15:24:18', 'sdf', 'SampleAudio_0.4ffffffffffmb.mp3', '443926', 'audio', 'en', 'DRAFT', '2020-03-31 15:24:18', '28', null, null, null, null, null, 1468, null, 0),
('Audio', 1472, 'audio/mpeg', '2020-03-31 15:35:36', 'sdf', 'SampleAudio_0.4ffffffffffmb.mp3', '443926', 'audio', 'en', 'DRAFT', '2020-03-31 15:35:36', '28', null, null, null, null, null, 1471, null, 0),
('Audio', 1475, 'audio/mpeg', '2020-03-31 16:48:11', 'f', 'SampleAudio_0.4ffffffffffmb.mp3', '443926', 'audio', 'ay', 'DRAFT', '2020-03-31 16:48:11', '28', null, null, null, null, null, 1474, null, 0),
('Audio', 1476, 'audio/mpeg', '2020-03-31 16:52:53', 'ff', 'SampleAudio_0.4ffffffffffmb.mp3', '443926', 'audio', 'av', 'DRAFT', '2020-03-31 16:52:53', '28', null, null, null, null, null, 1474, null, 0),
('Audio', 1479, 'audio/mpeg', '2020-03-31 16:55:41', 'f', 'SampleAudio_0.4ffffffffffmb.mp3', '443926', 'audio', 'az', 'DRAFT', '2020-03-31 16:55:41', '28', null, null, null, null, null, 1478, null, 0),
('Audio', 1482, 'audio/mpeg', '2020-03-31 17:15:01', 'l', 'SampleAudio_0.4ffffffffffmb.mp3', '443926', 'audio', 'az', 'DRAFT', '2020-03-31 17:15:01', '28', null, null, null, null, null, 1481, null, 0),
('Video', 1483, 'video/mp4', '2020-03-31 17:16:01', ';', 'turtle.mp4', '6481333', 'video', 'br', 'DRAFT', '2020-03-31 17:16:01', '2', null, null, null, null, null, 1481, null, 0),
('Video', 1494, 'video/mp4', '2020-03-31 19:43:20', 'f', 'turtle.mp4', '6481333', 'video', 'br', 'DRAFT', '2020-03-31 19:43:20', '2', null, null, null, null, null, 1491, null, 0),
('Image', 1495, 'image/jpeg', '2020-03-31 19:47:42', 'f', 'dog.jpg', '41425', 'image', 'av', 'DRAFT', '2020-03-31 19:47:42', null, 'f', 0, 0, null, null, 1492, null, 0),
('Text', 1496, 'text/html', '2020-03-31 19:48:26', '<p>adf</p>', 'asdf', '10', 'text', 'en', 'DRAFT', '2020-03-31 19:48:26', '10', null, null, null, null, null, 1493, null, 0),
('Audio', 1498, 'audio/mpeg', '2020-03-31 19:49:14', 'sdf', 'SampleAudio_0.4ffffffffffmb.mp3', '443926', 'audio', 'eu', 'DRAFT', '2020-03-31 19:49:14', '36000', null, null, null, null, null, 1497, null, 0),
('Text', 1502, 'text/html', '2020-03-31 19:56:25', '<p>d</p>', 'sd', '8', 'text', 'en', 'DRAFT', '2020-03-31 19:56:25', '8', null, null, null, null, null, 1493, null, 0),
('Text', 1503, 'text/html', '2020-03-31 19:56:32', '<p>dd</p>', 'sdd', '9', 'text', 'bm', 'DRAFT', '2020-03-31 19:56:32', '9', null, null, null, null, null, 1493, null, 0),
('Text', 1526, 'text/html', '2020-04-01 20:53:47', '<p>sdf</p>', 'sdfg', '10', 'text', 'en', 'DRAFT', '2020-04-01 20:53:47', '10', null, null, null, null, null, 1525, null, 0),
('Audio', 1527, 'audio/mpeg', '2020-04-01 21:10:25', 'faaaa', 'SampleAudio_0.4ffffffffffmb.mp3', '443926', 'audio', 'be', 'ARCHIVED', '2020-04-02 01:23:48', '36000', null, null, null, null, null, 1430, null, 1),
('Text', 1528, 'text/html', '2020-04-01 21:15:25', '<p>ff</p>', 'ff', '9', 'text', 'en', 'DRAFT', '2020-04-01 21:15:25', '9', null, null, null, null, null, 1430, null, 1),
('Text', 1529, 'text/html', '2020-04-01 21:45:39', '<p>ffhg23</p>', 'ffg13', '13', 'text', 'en', 'DRAFT', '2020-04-01 23:13:19', '13', null, null, null, null, null, 1430, null, 1),
('Text', 1533, 'text/html', '2020-04-01 23:13:53', '<p>ffhg234sdfsdf</p>', '4asdfasdf', '20', 'text', 'be', 'DRAFT', '2020-04-01 23:14:20', '20', null, null, null, null, null, 1430, null, 1),
('Text', 1546, 'text/html', '2020-04-02 03:11:01', '<p>sdfdddddddd</p>', 'sdf', '18', 'text', 'en', 'ARCHIVED', '2020-04-02 04:00:28', '18', null, null, null, null, null, 1545, null, 1),
('Audio', 1554, 'audio/mpeg', '2020-04-02 04:11:50', 'test', 'SampleAudio_0.4ffffffffffmb.mp3', '443926', 'audio', 'az', 'ARCHIVED', '2020-04-02 04:15:05', '28', null, null, null, null, null, 1552, null, 0),
('Text', 1557, 'text/html', '2020-04-02 04:15:21', '<p>fff</p>', 'd', '10', 'text', 'bm', 'DRAFT', '2020-04-02 04:15:50', '10', null, null, null, null, null, 1552, null, 0),
('Text', 1559, 'text/html', '2020-04-02 04:18:44', '<p>fff</p>', 'd', '10', 'text', 'bm', 'DRAFT', '2020-04-02 04:18:44', '10', null, null, null, null, null, 1552, null, 0),
('Text', 1561, 'text/html', '2020-04-02 04:21:34', '<p>s</p>', 'ds', '8', 'text', 'en', 'ARCHIVED', '2020-04-02 04:21:40', '8', null, null, null, null, null, 1545, null, 0),
('Text', 1565, 'text/html', '2020-04-02 04:58:30', '<p>sdf</p>', 'sdf', '10', 'text', 'en', 'DRAFT', '2020-04-02 04:58:30', '10', null, null, null, null, null, 1564, null, 0),
('Text', 1567, 'text/html', '2020-04-02 05:03:26', '<p>sdf</p>', 'dfg', '10', 'text', 'en', 'DRAFT', '2020-04-02 05:03:26', '10', null, null, null, null, null, 1566, null, 0);
--
-- end table insert : content_element
--

/*!40000 ALTER TABLE `content_element` ENABLE KEYS */;


--
-- start  table dump : content_language
--

CREATE TABLE IF NOT EXISTS `content_language` (
  `content_content_id` int(11) NOT NULL,
  `language_language_id` int(11) NOT NULL,
  PRIMARY KEY (`content_content_id`,`language_language_id`),
  KEY `FKqsqxtdpotkt2vpvd06g0u7ds7` (`language_language_id`),
  CONSTRAINT `FK88li7s0vshe31jeknqysx2fy2` FOREIGN KEY (`content_content_id`) REFERENCES `content` (`content_id`),
  CONSTRAINT `FKqsqxtdpotkt2vpvd06g0u7ds7` FOREIGN KEY (`language_language_id`) REFERENCES `language` (`language_id`)
) ENGINE=InnoDB DEFAULT CHARSET=utf8mb4 COLLATE=utf8mb4_0900_ai_ci;



--
-- end  table dump : content_language
--



--
-- start  table dump : content_languages
--

CREATE TABLE IF NOT EXISTS `content_languages` (
  `content_content_id` int(11) NOT NULL,
  `languages_language_id` int(11) NOT NULL,
  PRIMARY KEY (`content_content_id`,`languages_language_id`),
  KEY `FK3p612uq5wi1mmvr64fk5k6e6c` (`languages_language_id`),
  CONSTRAINT `FK3p612uq5wi1mmvr64fk5k6e6c` FOREIGN KEY (`languages_language_id`) REFERENCES `language` (`language_id`),
  CONSTRAINT `FKdsvc22dr5647ddc1yugl7aatc` FOREIGN KEY (`content_content_id`) REFERENCES `content` (`content_id`)
) ENGINE=InnoDB DEFAULT CHARSET=utf8mb4 COLLATE=utf8mb4_0900_ai_ci;



--
-- end  table dump : content_languages
--


--
-- Inserts of content_languages
--


/*!40000 ALTER TABLE `content_languages` DISABLE KEYS */;

--
-- start table insert : content_languages
--
INSERT INTO `content_languages`(`content_content_id`, `languages_language_id`) VALUES 
(1473, 11),
(1489, 11),
(1427, 14),
(1477, 14),
(1480, 14),
(1427, 15),
(1489, 15),
(1489, 17),
(1427, 18),
(1480, 23),
(1489, 23),
(1427, 41),
(1436, 41),
(1440, 41),
(1441, 41),
(1442, 41),
(1443, 41),
(1451, 41),
(1455, 41),
(1458, 41),
(1463, 41),
(1464, 41),
(1465, 41),
(1467, 41),
(1470, 41),
(1484, 41),
(1489, 41);
--
-- end table insert : content_languages
--

/*!40000 ALTER TABLE `content_languages` ENABLE KEYS */;


--
-- start  table dump : content_tags
--

CREATE TABLE IF NOT EXISTS `content_tags` (
  `content_set_content_id` int(11) NOT NULL,
  `tags_tag_id` int(11) NOT NULL,
  KEY `FK1bx0tnsa3twnq9e3srdpubrmt` (`tags_tag_id`),
  KEY `FKft2gok5qxhfsfsmp5ar1mpyrr` (`content_set_content_id`),
  CONSTRAINT `FK1bx0tnsa3twnq9e3srdpubrmt` FOREIGN KEY (`tags_tag_id`) REFERENCES `tag` (`tag_id`),
  CONSTRAINT `FKft2gok5qxhfsfsmp5ar1mpyrr` FOREIGN KEY (`content_set_content_id`) REFERENCES `content` (`content_id`)
) ENGINE=InnoDB DEFAULT CHARSET=utf8mb4 COLLATE=utf8mb4_0900_ai_ci;



--
-- end  table dump : content_tags
--


--
-- Inserts of content_tags
--


/*!40000 ALTER TABLE `content_tags` DISABLE KEYS */;

--
-- start table insert : content_tags
--
INSERT INTO `content_tags`(`content_set_content_id`, `tags_tag_id`) VALUES 
(1443, 1390),
(1443, 1391),
(1451, 1390),
(1455, 1390),
(1477, 1390),
(1442, 1402),
(1427, 1403),
(1427, 1390);
--
-- end table insert : content_tags
--

/*!40000 ALTER TABLE `content_tags` ENABLE KEYS */;


--
-- start  table dump : country
--

CREATE TABLE IF NOT EXISTS `country` (
  `name` varchar(255) DEFAULT NULL,
  `code` varchar(255) DEFAULT NULL,
  `deleted` bit(1) NOT NULL,
  `countryid` varchar(255) NOT NULL,
  `country` varchar(255) DEFAULT NULL
) ENGINE=InnoDB DEFAULT CHARSET=utf8mb4 COLLATE=utf8mb4_0900_ai_ci;



--
-- end  table dump : country
--


--
-- Inserts of country
--


/*!40000 ALTER TABLE `country` DISABLE KEYS */;

--
-- start table insert : country
--
INSERT INTO `country`(`name`, `code`, `deleted`, `countryid`, `country`) VALUES 
('Afghanistan', 'AF', 0, '', null),
('Åland Islands', 'AX', 0, '', null),
('Albania', 'AL', 0, '', null),
('Algeria', 'DZ', 0, '', null),
('American Samoa', 'AS', 0, '', null),
('Andorra', 'AD', 0, '', null),
('Angola', 'AO', 0, '', null),
('Anguilla', 'AI', 0, '', null),
('Antarctica', 'AQ', 0, '', null),
('Antigua and Barbuda', 'AG', 0, '', null),
('Argentina', 'AR', 0, '', null),
('Armenia', 'AM', 0, '', null),
('Aruba', 'AW', 0, '', null),
('Australia', 'AU', 0, '', null),
('Austria', 'AT', 0, '', null),
('Azerbaijan', 'AZ', 0, '', null),
('Bahamas', 'BS', 0, '', null),
('Bahrain', 'BH', 0, '', null),
('Bangladesh', 'BD', 0, '', null),
('Barbados', 'BB', 0, '', null),
('Belarus', 'BY', 0, '', null),
('Belgium', 'BE', 0, '', null),
('Belize', 'BZ', 0, '', null),
('Benin', 'BJ', 0, '', null),
('Bermuda', 'BM', 0, '', null),
('Bhutan', 'BT', 0, '', null),
('Bolivia, Plurinational State of', 'BO', 0, '', null),
('Bonaire, Sint Eustatius and Saba', 'BQ', 0, '', null),
('Bosnia and Herzegovina', 'BA', 0, '', null),
('Botswana', 'BW', 0, '', null),
('Bouvet Island', 'BV', 0, '', null),
('Brazil', 'BR', 0, '', null),
('British Indian Ocean Territory', 'IO', 0, '', null),
('Brunei Darussalam', 'BN', 0, '', null),
('Bulgaria', 'BG', 0, '', null),
('Burkina Faso', 'BF', 0, '', null),
('Burundi', 'BI', 0, '', null),
('Cambodia', 'KH', 0, '', null),
('Cameroon', 'CM', 0, '', null),
('Canada', 'CA', 0, '', null),
('Cape Verde', 'CV', 0, '', null),
('Cayman Islands', 'KY', 0, '', null),
('Central African Republic', 'CF', 0, '', null),
('Chad', 'TD', 0, '', null),
('Chile', 'CL', 0, '', null),
('China', 'CN', 0, '', null),
('Christmas Island', 'CX', 0, '', null),
('Cocos (Keeling) Islands', 'CC', 0, '', null),
('Colombia', 'CO', 0, '', null),
('Comoros', 'KM', 0, '', null),
('Congo', 'CG', 0, '', null),
('Congo, the Democratic Republic of the', 'CD', 0, '', null),
('Cook Islands', 'CK', 0, '', null),
('Costa Rica', 'CR', 0, '', null),
('Côte d\'Ivoire', 'CI', 0, '', null),
('Croatia', 'HR', 0, '', null),
('Cuba', 'CU', 0, '', null),
('Curaçao', 'CW', 0, '', null),
('Cyprus', 'CY', 0, '', null),
('Czech Republic', 'CZ', 0, '', null),
('Denmark', 'DK', 0, '', null),
('Djibouti', 'DJ', 0, '', null),
('Dominica', 'DM', 0, '', null),
('Dominican Republic', 'DO', 0, '', null),
('Ecuador', 'EC', 0, '', null),
('Egypt', 'EG', 0, '', null),
('El Salvador', 'SV', 0, '', null),
('Equatorial Guinea', 'GQ', 0, '', null),
('Eritrea', 'ER', 0, '', null),
('Estonia', 'EE', 0, '', null),
('Ethiopia', 'ET', 0, '', null),
('Falkland Islands (Malvinas)', 'FK', 0, '', null),
('Faroe Islands', 'FO', 0, '', null),
('Fiji', 'FJ', 0, '', null),
('Finland', 'FI', 0, '', null),
('France', 'FR', 0, '', null),
('French Guiana', 'GF', 0, '', null),
('French Polynesia', 'PF', 0, '', null),
('French Southern Territories', 'TF', 0, '', null),
('Gabon', 'GA', 0, '', null),
('Gambia', 'GM', 0, '', null),
('Georgia', 'GE', 0, '', null),
('Germany', 'DE', 0, '', null),
('Ghana', 'GH', 0, '', null),
('Gibraltar', 'GI', 0, '', null),
('Greece', 'GR', 0, '', null),
('Greenland', 'GL', 0, '', null),
('Grenada', 'GD', 0, '', null),
('Guadeloupe', 'GP', 0, '', null),
('Guam', 'GU', 0, '', null),
('Guatemala', 'GT', 0, '', null),
('Guernsey', 'GG', 0, '', null),
('Guinea', 'GN', 0, '', null),
('Guinea-Bissau', 'GW', 0, '', null),
('Guyana', 'GY', 0, '', null),
('Haiti', 'HT', 0, '', null),
('Heard Island and McDonald Islands', 'HM', 0, '', null),
('Holy See (Vatican City State)', 'VA', 0, '', null),
('Honduras', 'HN', 0, '', null),
('Hong Kong', 'HK', 0, '', null),
('Hungary', 'HU', 0, '', null),
('Iceland', 'IS', 0, '', null),
('India', 'IN', 0, '', null),
('Indonesia', 'ID', 0, '', null),
('Iran, Islamic Republic of', 'IR', 0, '', null),
('Iraq', 'IQ', 0, '', null),
('Ireland', 'IE', 0, '', null),
('Isle of Man', 'IM', 0, '', null),
('Israel', 'IL', 0, '', null),
('Italy', 'IT', 0, '', null),
('Jamaica', 'JM', 0, '', null),
('Japan', 'JP', 0, '', null),
('Jersey', 'JE', 0, '', null),
('Jordan', 'JO', 0, '', null),
('Kazakhstan', 'KZ', 0, '', null),
('Kenya', 'KE', 0, '', null),
('Kiribati', 'KI', 0, '', null),
('Korea, Democratic People\'s Republic of', 'KP', 0, '', null),
('Korea, Republic of', 'KR', 0, '', null),
('Kuwait', 'KW', 0, '', null),
('Kyrgyzstan', 'KG', 0, '', null),
('Lao People\'s Democratic Republic', 'LA', 0, '', null),
('Latvia', 'LV', 0, '', null),
('Lebanon', 'LB', 0, '', null),
('Lesotho', 'LS', 0, '', null),
('Liberia', 'LR', 0, '', null),
('Libya', 'LY', 0, '', null),
('Liechtenstein', 'LI', 0, '', null),
('Lithuania', 'LT', 0, '', null),
('Luxembourg', 'LU', 0, '', null),
('Macao', 'MO', 0, '', null),
('Macedonia, the Former Yugoslav Republic of', 'MK', 0, '', null),
('Madagascar', 'MG', 0, '', null),
('Malawi', 'MW', 0, '', null),
('Malaysia', 'MY', 0, '', null),
('Maldives', 'MV', 0, '', null),
('Mali', 'ML', 0, '', null),
('Malta', 'MT', 0, '', null),
('Marshall Islands', 'MH', 0, '', null),
('Martinique', 'MQ', 0, '', null),
('Mauritania', 'MR', 0, '', null),
('Mauritius', 'MU', 0, '', null),
('Mayotte', 'YT', 0, '', null),
('Mexico', 'MX', 0, '', null),
('Micronesia, Federated States of', 'FM', 0, '', null),
('Moldova, Republic of', 'MD', 0, '', null),
('Monaco', 'MC', 0, '', null),
('Mongolia', 'MN', 0, '', null),
('Montenegro', 'ME', 0, '', null),
('Montserrat', 'MS', 0, '', null),
('Morocco', 'MA', 0, '', null),
('Mozambique', 'MZ', 0, '', null),
('Myanmar', 'MM', 0, '', null),
('Namibia', 'NA', 0, '', null),
('Nauru', 'NR', 0, '', null),
('Nepal', 'NP', 0, '', null),
('Netherlands', 'NL', 0, '', null),
('New Caledonia', 'NC', 0, '', null),
('New Zealand', 'NZ', 0, '', null),
('Nicaragua', 'NI', 0, '', null),
('Niger', 'NE', 0, '', null),
('Nigeria', 'NG', 0, '', null),
('Niue', 'NU', 0, '', null),
('Norfolk Island', 'NF', 0, '', null),
('Northern Mariana Islands', 'MP', 0, '', null),
('Norway', 'NO', 0, '', null),
('Oman', 'OM', 0, '', null),
('Pakistan', 'PK', 0, '', null),
('Palau', 'PW', 0, '', null),
('Palestine, State of', 'PS', 0, '', null),
('Panama', 'PA', 0, '', null),
('Papua New Guinea', 'PG', 0, '', null),
('Paraguay', 'PY', 0, '', null),
('Peru', 'PE', 0, '', null),
('Philippines', 'PH', 0, '', null),
('Pitcairn', 'PN', 0, '', null),
('Poland', 'PL', 0, '', null),
('Portugal', 'PT', 0, '', null),
('Puerto Rico', 'PR', 0, '', null),
('Qatar', 'QA', 0, '', null),
('Réunion', 'RE', 0, '', null),
('Romania', 'RO', 0, '', null),
('Russian Federation', 'RU', 0, '', null),
('Rwanda', 'RW', 0, '', null),
('Saint Barthélemy', 'BL', 0, '', null),
('Saint Helena, Ascension and Tristan da Cunha', 'SH', 0, '', null),
('Saint Kitts and Nevis', 'KN', 0, '', null),
('Saint Lucia', 'LC', 0, '', null),
('Saint Martin (French part)', 'MF', 0, '', null),
('Saint Pierre and Miquelon', 'PM', 0, '', null),
('Saint Vincent and the Grenadines', 'VC', 0, '', null),
('Samoa', 'WS', 0, '', null),
('San Marino', 'SM', 0, '', null),
('Sao Tome and Principe', 'ST', 0, '', null),
('Saudi Arabia', 'SA', 0, '', null),
('Senegal', 'SN', 0, '', null),
('Serbia', 'RS', 0, '', null),
('Seychelles', 'SC', 0, '', null),
('Sierra Leone', 'SL', 0, '', null),
('Singapore', 'SG', 0, '', null),
('Sint Maarten (Dutch part)', 'SX', 0, '', null),
('Slovakia', 'SK', 0, '', null),
('Slovenia', 'SI', 0, '', null),
('Solomon Islands', 'SB', 0, '', null),
('Somalia', 'SO', 0, '', null),
('South Africa', 'ZA', 0, '', null),
('South Georgia and the South Sandwich Islands', 'GS', 0, '', null),
('South Sudan', 'SS', 0, '', null),
('Spain', 'ES', 0, '', null),
('Sri Lanka', 'LK', 0, '', null),
('Sudan', 'SD', 0, '', null),
('Suriname', 'SR', 0, '', null),
('Svalbard and Jan Mayen', 'SJ', 0, '', null),
('Swaziland', 'SZ', 0, '', null),
('Sweden', 'SE', 0, '', null),
('Switzerland', 'CH', 0, '', null),
('Syrian Arab Republic', 'SY', 0, '', null),
('Taiwan, Province of China', 'TW', 0, '', null),
('Tajikistan', 'TJ', 0, '', null),
('Tanzania, United Republic of', 'TZ', 0, '', null),
('Thailand', 'TH', 0, '', null),
('Timor-Leste', 'TL', 0, '', null),
('Togo', 'TG', 0, '', null),
('Tokelau', 'TK', 0, '', null),
('Tonga', 'TO', 0, '', null),
('Trinidad and Tobago', 'TT', 0, '', null),
('Tunisia', 'TN', 0, '', null),
('Turkey', 'TR', 0, '', null),
('Turkmenistan', 'TM', 0, '', null),
('Turks and Caicos Islands', 'TC', 0, '', null),
('Tuvalu', 'TV', 0, '', null),
('Uganda', 'UG', 0, '', null),
('Ukraine', 'UA', 0, '', null),
('United Arab Emirates', 'AE', 0, '', null),
('United Kingdom', 'GB', 0, '', null),
('United States', 'US', 0, '', null),
('United States Minor Outlying Islands', 'UM', 0, '', null),
('Uruguay', 'UY', 0, '', null),
('Uzbekistan', 'UZ', 0, '', null),
('Vanuatu', 'VU', 0, '', null),
('Venezuela, Bolivarian Republic of', 'VE', 0, '', null),
('Viet Nam', 'VN', 0, '', null),
('Virgin Islands, British', 'VG', 0, '', null),
('Virgin Islands, U.S.', 'VI', 0, '', null),
('Wallis and Futuna', 'WF', 0, '', null),
('Western Sahara', 'EH', 0, '', null),
('Yemen', 'YE', 0, '', null),
('Zambia', 'ZM', 0, '', null),
('Zimbabwe', 'ZW', 0, '', null);
--
-- end table insert : country
--

/*!40000 ALTER TABLE `country` ENABLE KEYS */;


--
-- start  table dump : event
--

CREATE TABLE IF NOT EXISTS `event` (
  `event_id` int(11) NOT NULL,
  `date_time` datetime DEFAULT NULL,
  `item_id` int(11) NOT NULL,
  `operation` varchar(255) DEFAULT NULL,
  `type` varchar(255) DEFAULT NULL,
  `user_id` int(11) NOT NULL,
  `acting_user_user_id` int(11) DEFAULT NULL,
  PRIMARY KEY (`event_id`),
  KEY `FKnko8ag3x0yexlmseik0lcwfwr` (`acting_user_user_id`),
  CONSTRAINT `FKnko8ag3x0yexlmseik0lcwfwr` FOREIGN KEY (`acting_user_user_id`) REFERENCES `user` (`user_id`)
) ENGINE=InnoDB DEFAULT CHARSET=utf8mb4 COLLATE=utf8mb4_0900_ai_ci;



--
-- end  table dump : event
--


--
-- Inserts of event
--


/*!40000 ALTER TABLE `event` DISABLE KEYS */;

--
-- start table insert : event
--
INSERT INTO `event`(`event_id`, `date_time`, `item_id`, `operation`, `type`, `user_id`, `acting_user_user_id`) VALUES 
(66, '2020-02-25 15:03:42', 0, 'SIGN_IN', 'SYSTEM_INFO', 1, 1),
(67, '2020-02-25 15:07:44', 0, 'SIGN_IN', 'SYSTEM_INFO', 1, 1),
(68, '2020-02-25 15:11:09', 1, 'PASSWORD_CHANGE', 'USER', 1, 1),
(69, '2020-02-25 15:11:43', 1, 'MODIFIED', 'USER', 1, 1),
(71, '2020-02-25 15:13:02', 70, 'CREATED', 'USER', 1, 1),
(72, '2020-02-25 15:35:38', 70, 'DELETED', 'USER', 1, 1),
(73, '2020-02-25 15:37:24', 1, 'MODIFIED', 'USER', 1, 1),
(74, '2020-02-25 15:38:12', 1, 'PASSWORD_CHANGE', 'USER', 1, 1),
(76, '2020-02-25 15:40:35', 75, 'CREATED', 'USER', 2, 2),
(78, '2020-02-25 15:42:34', 77, 'CREATED', 'USER', 1, 1),
(103, '2020-02-25 22:25:03', 0, 'SIGN_IN', 'SYSTEM_INFO', 2, 2),
(107, '2020-02-26 17:21:24', 0, 'SIGN_IN', 'SYSTEM_INFO', 2, 2),
(112, '2020-02-26 17:43:10', 0, 'SIGN_IN', 'SYSTEM_INFO', 2, 2),
(116, '2020-02-26 18:06:38', 0, 'SIGN_IN', 'SYSTEM_INFO', 2, 2),
(119, '2020-02-26 18:17:37', 0, 'SIGN_IN', 'SYSTEM_INFO', 2, 2),
(121, '2020-02-26 20:05:46', 0, 'SIGN_IN', 'SYSTEM_INFO', 1, 1),
(126, '2020-02-27 16:05:39', 0, 'SIGN_IN', 'SYSTEM_INFO', 2, 2),
(127, '2020-02-27 16:59:10', 0, 'SIGN_IN', 'SYSTEM_INFO', 2, 2),
(134, '2020-02-28 15:40:32', 0, 'SIGN_IN', 'SYSTEM_INFO', 2, 2),
(135, '2020-02-28 16:36:11', 0, 'SIGN_IN', 'SYSTEM_INFO', 2, 2),
(137, '2020-02-29 18:12:10', 0, 'SIGN_IN', 'SYSTEM_INFO', 2, 2),
(141, '2020-03-01 15:39:46', 0, 'SIGN_IN', 'SYSTEM_INFO', 2, 2),
(150, '2020-03-02 00:00:34', 0, 'SIGN_IN', 'SYSTEM_INFO', 2, 2),
(152, '2020-03-02 15:34:10', 0, 'SIGN_IN', 'SYSTEM_INFO', 2, 2),
(153, '2020-03-02 15:48:31', 0, 'SIGN_IN', 'SYSTEM_INFO', 2, 2),
(154, '2020-03-02 20:46:01', 0, 'SIGN_IN', 'SYSTEM_INFO', 2, 2),
(155, '2020-03-03 00:52:21', 0, 'SIGN_IN', 'SYSTEM_INFO', 2, 2),
(157, '2020-03-03 15:14:13', 0, 'SIGN_IN', 'SYSTEM_INFO', 2, 2),
(158, '2020-03-03 17:33:40', 0, 'SIGN_IN', 'SYSTEM_INFO', 2, 2),
(159, '2020-03-03 21:26:20', 0, 'SIGN_IN', 'SYSTEM_INFO', 1, 1),
(160, '2020-03-05 00:45:19', 0, 'SIGN_IN', 'SYSTEM_INFO', 2, 2),
(161, '2020-03-05 01:08:07', 0, 'SIGN_IN', 'SYSTEM_INFO', 2, 2),
(162, '2020-03-05 01:22:17', 0, 'SIGN_IN', 'SYSTEM_INFO', 2, 2),
(163, '2020-03-05 01:24:35', 0, 'SIGN_IN', 'SYSTEM_INFO', 2, 2),
(164, '2020-03-05 01:30:56', 0, 'SIGN_IN', 'SYSTEM_INFO', 2, 2),
(165, '2020-03-05 01:41:18', 0, 'SIGN_IN', 'SYSTEM_INFO', 2, 2),
(166, '2020-03-05 01:47:08', 0, 'SIGN_IN', 'SYSTEM_INFO', 2, 2),
(167, '2020-03-05 01:51:26', 0, 'SIGN_IN', 'SYSTEM_INFO', 2, 2),
(168, '2020-03-05 01:52:38', 0, 'SIGN_IN', 'SYSTEM_INFO', 2, 2),
(169, '2020-03-05 01:55:37', 0, 'SIGN_IN', 'SYSTEM_INFO', 2, 2),
(170, '2020-03-05 01:56:53', 0, 'SIGN_IN', 'SYSTEM_INFO', 2, 2),
(171, '2020-03-05 02:01:17', 0, 'SIGN_IN', 'SYSTEM_INFO', 2, 2),
(172, '2020-03-05 02:03:59', 0, 'SIGN_IN', 'SYSTEM_INFO', 2, 2),
(173, '2020-03-05 02:12:37', 0, 'SIGN_IN', 'SYSTEM_INFO', 2, 2),
(174, '2020-03-05 03:07:13', 0, 'SIGN_IN', 'SYSTEM_INFO', 1, 1),
(175, '2020-03-05 03:10:40', 0, 'SIGN_IN', 'SYSTEM_INFO', 2, 2),
(176, '2020-03-05 03:11:37', 0, 'SIGN_IN', 'SYSTEM_INFO', 1, 1),
(177, '2020-03-05 03:33:20', 0, 'SIGN_IN', 'SYSTEM_INFO', 2, 2),
(178, '2020-03-05 17:07:09', 0, 'SIGN_IN', 'SYSTEM_INFO', 2, 2),
(179, '2020-03-05 17:56:16', 0, 'SIGN_IN', 'SYSTEM_INFO', 2, 2),
(180, '2020-03-05 18:08:00', 0, 'SIGN_IN', 'SYSTEM_INFO', 2, 2),
(181, '2020-03-05 18:22:21', 0, 'SIGN_IN', 'SYSTEM_INFO', 2, 2),
(182, '2020-03-05 18:34:00', 0, 'SIGN_IN', 'SYSTEM_INFO', 2, 2),
(183, '2020-03-05 18:34:24', 0, 'SIGN_IN', 'SYSTEM_INFO', 2, 2),
(184, '2020-03-05 18:36:51', 0, 'SIGN_IN', 'SYSTEM_INFO', 2, 2),
(185, '2020-03-05 18:37:42', 0, 'SIGN_IN', 'SYSTEM_INFO', 2, 2),
(186, '2020-03-05 18:38:20', 0, 'SIGN_IN', 'SYSTEM_INFO', 2, 2),
(187, '2020-03-05 18:38:49', 0, 'SIGN_IN', 'SYSTEM_INFO', 2, 2),
(188, '2020-03-05 18:39:46', 0, 'SIGN_IN', 'SYSTEM_INFO', 2, 2),
(189, '2020-03-05 18:40:35', 0, 'SIGN_IN', 'SYSTEM_INFO', 2, 2),
(190, '2020-03-05 18:44:41', 0, 'SIGN_IN', 'SYSTEM_INFO', 2, 2),
(191, '2020-03-05 18:47:26', 0, 'SIGN_IN', 'SYSTEM_INFO', 2, 2),
(192, '2020-03-05 18:49:05', 0, 'SIGN_IN', 'SYSTEM_INFO', 2, 2),
(193, '2020-03-05 19:12:37', 0, 'SIGN_IN', 'SYSTEM_INFO', 2, 2),
(194, '2020-03-05 19:14:03', 0, 'SIGN_IN', 'SYSTEM_INFO', 2, 2),
(195, '2020-03-05 19:14:24', 0, 'SIGN_IN', 'SYSTEM_INFO', 2, 2),
(196, '2020-03-05 19:14:47', 0, 'SIGN_IN', 'SYSTEM_INFO', 2, 2),
(197, '2020-03-05 19:15:19', 0, 'SIGN_IN', 'SYSTEM_INFO', 2, 2),
(198, '2020-03-05 19:27:53', 0, 'SIGN_IN', 'SYSTEM_INFO', 2, 2),
(199, '2020-03-05 19:30:06', 0, 'SIGN_IN', 'SYSTEM_INFO', 2, 2),
(200, '2020-03-05 19:30:36', 0, 'SIGN_IN', 'SYSTEM_INFO', 2, 2),
(201, '2020-03-05 19:35:04', 0, 'SIGN_IN', 'SYSTEM_INFO', 2, 2),
(202, '2020-03-05 19:44:52', 0, 'SIGN_IN', 'SYSTEM_INFO', 2, 2),
(203, '2020-03-05 19:45:29', 0, 'SIGN_IN', 'SYSTEM_INFO', 2, 2),
(204, '2020-03-05 21:47:09', 0, 'SIGN_IN', 'SYSTEM_INFO', 2, 2),
(205, '2020-03-05 22:09:52', 0, 'SIGN_IN', 'SYSTEM_INFO', 2, 2),
(206, '2020-03-05 22:13:30', 0, 'SIGN_IN', 'SYSTEM_INFO', 2, 2),
(207, '2020-03-05 23:10:35', 0, 'SIGN_IN', 'SYSTEM_INFO', 2, 2),
(208, '2020-03-05 23:48:53', 0, 'SIGN_IN', 'SYSTEM_INFO', 2, 2),
(209, '2020-03-05 23:54:35', 0, 'SIGN_IN', 'SYSTEM_INFO', 2, 2),
(210, '2020-03-06 00:13:06', 0, 'SIGN_IN', 'SYSTEM_INFO', 2, 2),
(211, '2020-03-06 00:14:08', 0, 'SIGN_IN', 'SYSTEM_INFO', 2, 2),
(212, '2020-03-06 00:22:28', 0, 'SIGN_IN', 'SYSTEM_INFO', 2, 2),
(213, '2020-03-06 00:28:07', 0, 'SIGN_IN', 'SYSTEM_INFO', 2, 2),
(214, '2020-03-06 00:32:06', 0, 'SIGN_IN', 'SYSTEM_INFO', 2, 2),
(215, '2020-03-06 00:33:03', 0, 'SIGN_IN', 'SYSTEM_INFO', 2, 2),
(216, '2020-03-06 00:44:28', 0, 'SIGN_IN', 'SYSTEM_INFO', 2, 2),
(217, '2020-03-06 00:44:51', 0, 'SIGN_IN', 'SYSTEM_INFO', 2, 2),
(218, '2020-03-06 00:50:09', 0, 'SIGN_IN', 'SYSTEM_INFO', 2, 2),
(219, '2020-03-06 01:34:29', 0, 'SIGN_IN', 'SYSTEM_INFO', 2, 2),
(220, '2020-03-06 01:34:44', 0, 'SIGN_IN', 'SYSTEM_INFO', 2, 2),
(221, '2020-03-06 01:34:58', 0, 'SIGN_IN', 'SYSTEM_INFO', 2, 2),
(222, '2020-03-06 01:37:36', 0, 'SIGN_IN', 'SYSTEM_INFO', 2, 2),
(223, '2020-03-06 01:38:30', 0, 'SIGN_IN', 'SYSTEM_INFO', 2, 2),
(224, '2020-03-06 02:54:03', 0, 'SIGN_IN', 'SYSTEM_INFO', 2, 2),
(225, '2020-03-06 03:05:09', 0, 'SIGN_IN', 'SYSTEM_INFO', 2, 2),
(226, '2020-03-06 03:07:57', 0, 'SIGN_IN', 'SYSTEM_INFO', 2, 2),
(227, '2020-03-06 03:11:55', 0, 'SIGN_IN', 'SYSTEM_INFO', 2, 2),
(228, '2020-03-06 03:12:56', 0, 'SIGN_IN', 'SYSTEM_INFO', 2, 2),
(229, '2020-03-06 03:17:28', 0, 'SIGN_IN', 'SYSTEM_INFO', 2, 2),
(230, '2020-03-06 03:23:12', 0, 'SIGN_IN', 'SYSTEM_INFO', 2, 2),
(231, '2020-03-06 03:26:47', 0, 'SIGN_IN', 'SYSTEM_INFO', 2, 2),
(232, '2020-03-06 03:27:11', 0, 'SIGN_IN', 'SYSTEM_INFO', 2, 2),
(233, '2020-03-06 03:29:02', 0, 'SIGN_IN', 'SYSTEM_INFO', 2, 2),
(234, '2020-03-06 03:31:34', 0, 'SIGN_IN', 'SYSTEM_INFO', 2, 2),
(235, '2020-03-06 03:34:25', 0, 'SIGN_IN', 'SYSTEM_INFO', 2, 2),
(236, '2020-03-06 03:38:32', 0, 'SIGN_IN', 'SYSTEM_INFO', 2, 2),
(237, '2020-03-06 15:54:42', 0, 'SIGN_IN', 'SYSTEM_INFO', 2, 2),
(238, '2020-03-06 15:56:22', 0, 'SIGN_IN', 'SYSTEM_INFO', 2, 2),
(239, '2020-03-06 16:01:18', 0, 'SIGN_IN', 'SYSTEM_INFO', 2, 2),
(240, '2020-03-06 16:13:19', 0, 'SIGN_IN', 'SYSTEM_INFO', 2, 2),
(241, '2020-03-06 16:57:53', 0, 'SIGN_IN', 'SYSTEM_INFO', 2, 2),
(242, '2020-03-06 17:07:01', 0, 'SIGN_IN', 'SYSTEM_INFO', 2, 2),
(243, '2020-03-06 17:16:46', 0, 'SIGN_IN', 'SYSTEM_INFO', 2, 2),
(244, '2020-03-06 17:18:59', 0, 'SIGN_IN', 'SYSTEM_INFO', 2, 2),
(245, '2020-03-06 17:20:52', 0, 'SIGN_IN', 'SYSTEM_INFO', 2, 2),
(246, '2020-03-06 17:21:28', 0, 'SIGN_IN', 'SYSTEM_INFO', 2, 2),
(247, '2020-03-06 17:21:54', 0, 'SIGN_IN', 'SYSTEM_INFO', 2, 2),
(248, '2020-03-06 17:22:56', 0, 'SIGN_IN', 'SYSTEM_INFO', 2, 2),
(249, '2020-03-06 17:23:31', 0, 'SIGN_IN', 'SYSTEM_INFO', 2, 2),
(250, '2020-03-06 17:27:02', 0, 'SIGN_IN', 'SYSTEM_INFO', 2, 2),
(251, '2020-03-06 17:27:58', 0, 'SIGN_IN', 'SYSTEM_INFO', 2, 2),
(252, '2020-03-06 17:28:26', 0, 'SIGN_IN', 'SYSTEM_INFO', 2, 2),
(253, '2020-03-06 17:29:10', 0, 'SIGN_IN', 'SYSTEM_INFO', 2, 2),
(254, '2020-03-06 17:30:20', 0, 'SIGN_IN', 'SYSTEM_INFO', 2, 2),
(255, '2020-03-06 17:34:57', 0, 'SIGN_IN', 'SYSTEM_INFO', 2, 2),
(256, '2020-03-06 17:35:21', 0, 'SIGN_IN', 'SYSTEM_INFO', 2, 2),
(257, '2020-03-06 17:36:29', 0, 'SIGN_IN', 'SYSTEM_INFO', 2, 2),
(258, '2020-03-06 17:36:59', 0, 'SIGN_IN', 'SYSTEM_INFO', 2, 2),
(259, '2020-03-06 17:40:38', 0, 'SIGN_IN', 'SYSTEM_INFO', 2, 2),
(260, '2020-03-06 17:41:49', 0, 'SIGN_IN', 'SYSTEM_INFO', 2, 2),
(261, '2020-03-06 17:42:33', 0, 'SIGN_IN', 'SYSTEM_INFO', 2, 2),
(262, '2020-03-06 17:45:01', 0, 'SIGN_IN', 'SYSTEM_INFO', 2, 2),
(263, '2020-03-06 17:46:16', 0, 'SIGN_IN', 'SYSTEM_INFO', 2, 2),
(264, '2020-03-06 20:08:17', 0, 'SIGN_IN', 'SYSTEM_INFO', 2, 2),
(265, '2020-03-06 20:08:45', 0, 'SIGN_IN', 'SYSTEM_INFO', 2, 2),
(266, '2020-03-06 20:13:11', 0, 'SIGN_IN', 'SYSTEM_INFO', 2, 2),
(267, '2020-03-06 20:16:59', 0, 'SIGN_IN', 'SYSTEM_INFO', 2, 2),
(268, '2020-03-06 20:37:38', 0, 'SIGN_IN', 'SYSTEM_INFO', 1, 1),
(269, '2020-03-06 20:42:19', 0, 'SIGN_IN', 'SYSTEM_INFO', 2, 2),
(271, '2020-03-06 20:44:46', 0, 'SIGN_IN', 'SYSTEM_INFO', 2, 2),
(273, '2020-03-06 20:46:10', 272, 'CREATED', 'CONTENT_ELEMENT', 1, 1),
(274, '2020-03-06 20:51:33', 0, 'SIGN_IN', 'SYSTEM_INFO', 2, 2),
(275, '2020-03-06 21:18:18', 0, 'SIGN_IN', 'SYSTEM_INFO', 2, 2),
(276, '2020-03-06 21:21:59', 0, 'SIGN_IN', 'SYSTEM_INFO', 2, 2),
(277, '2020-03-06 21:23:30', 0, 'SIGN_IN', 'SYSTEM_INFO', 2, 2),
(278, '2020-03-06 21:39:17', 0, 'SIGN_IN', 'SYSTEM_INFO', 2, 2),
(279, '2020-03-06 21:42:10', 0, 'SIGN_IN', 'SYSTEM_INFO', 2, 2),
(280, '2020-03-06 21:43:21', 0, 'SIGN_IN', 'SYSTEM_INFO', 2, 2),
(281, '2020-03-06 21:47:13', 0, 'SIGN_IN', 'SYSTEM_INFO', 2, 2),
(282, '2020-03-06 21:48:49', 0, 'SIGN_IN', 'SYSTEM_INFO', 2, 2),
(283, '2020-03-06 21:50:53', 0, 'SIGN_IN', 'SYSTEM_INFO', 2, 2),
(284, '2020-03-06 21:51:53', 0, 'SIGN_IN', 'SYSTEM_INFO', 2, 2),
(285, '2020-03-06 21:53:12', 0, 'SIGN_IN', 'SYSTEM_INFO', 2, 2),
(286, '2020-03-06 21:54:14', 0, 'SIGN_IN', 'SYSTEM_INFO', 2, 2),
(287, '2020-03-06 21:55:04', 0, 'SIGN_IN', 'SYSTEM_INFO', 2, 2),
(288, '2020-03-06 21:55:31', 0, 'SIGN_IN', 'SYSTEM_INFO', 2, 2),
(289, '2020-03-06 21:58:59', 0, 'SIGN_IN', 'SYSTEM_INFO', 2, 2),
(290, '2020-03-06 21:59:12', 0, 'SIGN_IN', 'SYSTEM_INFO', 2, 2),
(291, '2020-03-06 22:00:26', 0, 'SIGN_IN', 'SYSTEM_INFO', 2, 2),
(292, '2020-03-06 22:21:38', 0, 'SIGN_IN', 'SYSTEM_INFO', 2, 2),
(293, '2020-03-06 22:22:58', 0, 'SIGN_IN', 'SYSTEM_INFO', 2, 2),
(294, '2020-03-06 22:26:21', 0, 'SIGN_IN', 'SYSTEM_INFO', 2, 2),
(295, '2020-03-06 22:27:12', 0, 'SIGN_IN', 'SYSTEM_INFO', 2, 2),
(296, '2020-03-06 22:27:37', 0, 'SIGN_IN', 'SYSTEM_INFO', 2, 2),
(297, '2020-03-06 22:27:46', 0, 'SIGN_IN', 'SYSTEM_INFO', 2, 2),
(298, '2020-03-06 22:41:04', 0, 'SIGN_IN', 'SYSTEM_INFO', 2, 2),
(299, '2020-03-06 22:41:55', 0, 'SIGN_IN', 'SYSTEM_INFO', 2, 2),
(300, '2020-03-06 22:44:54', 0, 'SIGN_IN', 'SYSTEM_INFO', 2, 2),
(302, '2020-03-06 22:45:50', 301, 'CREATED', 'USER', 2, 2),
(304, '2020-03-06 22:58:31', 0, 'SIGN_IN', 'SYSTEM_INFO', 2, 2),
(305, '2020-03-06 22:58:31', 0, 'SIGN_IN', 'SYSTEM_INFO', 2, 2),
(306, '2020-03-06 22:59:51', 0, 'SIGN_IN', 'SYSTEM_INFO', 2, 2),
(307, '2020-03-06 23:01:14', 0, 'SIGN_IN', 'SYSTEM_INFO', 2, 2),
(309, '2020-03-06 23:02:18', 308, 'CREATED', 'USER', 2, 2),
(310, '2020-03-06 23:05:11', 0, 'SIGN_IN', 'SYSTEM_INFO', 2, 2),
(311, '2020-03-07 02:15:05', 0, 'SIGN_IN', 'SYSTEM_INFO', 2, 2),
(312, '2020-03-07 02:22:45', 0, 'SIGN_IN', 'SYSTEM_INFO', 2, 2),
(313, '2020-03-07 02:29:07', 0, 'SIGN_IN', 'SYSTEM_INFO', 2, 2),
(314, '2020-03-07 18:32:11', 0, 'SIGN_IN', 'SYSTEM_INFO', 2, 2),
(315, '2020-03-07 18:42:55', 0, 'SIGN_IN', 'SYSTEM_INFO', 2, 2),
(316, '2020-03-07 18:49:26', 0, 'SIGN_IN', 'SYSTEM_INFO', 2, 2),
(317, '2020-03-07 18:53:36', 0, 'SIGN_IN', 'SYSTEM_INFO', 2, 2),
(318, '2020-03-07 19:00:13', 0, 'SIGN_IN', 'SYSTEM_INFO', 2, 2),
(319, '2020-03-07 19:00:42', 0, 'SIGN_IN', 'SYSTEM_INFO', 2, 2),
(320, '2020-03-07 19:11:24', 0, 'SIGN_IN', 'SYSTEM_INFO', 2, 2),
(321, '2020-03-07 19:29:16', 0, 'SIGN_IN', 'SYSTEM_INFO', 2, 2),
(322, '2020-03-07 19:34:18', 0, 'SIGN_IN', 'SYSTEM_INFO', 2, 2),
(323, '2020-03-07 19:35:53', 0, 'SIGN_IN', 'SYSTEM_INFO', 2, 2),
(324, '2020-03-07 19:37:21', 0, 'SIGN_IN', 'SYSTEM_INFO', 2, 2),
(325, '2020-03-07 19:41:28', 0, 'SIGN_IN', 'SYSTEM_INFO', 2, 2),
(326, '2020-03-07 19:44:28', 0, 'SIGN_IN', 'SYSTEM_INFO', 2, 2),
(327, '2020-03-07 19:45:12', 0, 'SIGN_IN', 'SYSTEM_INFO', 2, 2),
(328, '2020-03-07 19:45:51', 0, 'SIGN_IN', 'SYSTEM_INFO', 2, 2),
(329, '2020-03-07 19:48:21', 0, 'SIGN_IN', 'SYSTEM_INFO', 2, 2),
(330, '2020-03-07 19:49:37', 0, 'SIGN_IN', 'SYSTEM_INFO', 2, 2),
(331, '2020-03-07 20:45:02', 0, 'SIGN_IN', 'SYSTEM_INFO', 1, 1),
(332, '2020-03-07 20:47:13', 0, 'SIGN_IN', 'SYSTEM_INFO', 1, 1),
(333, '2020-03-07 20:48:21', 0, 'SIGN_IN', 'SYSTEM_INFO', 2, 2),
(335, '2020-03-07 20:53:55', 334, 'CREATED', 'CONTENT_ELEMENT', 1, 1),
(336, '2020-03-07 20:56:01', 0, 'SIGN_IN', 'SYSTEM_INFO', 1, 1),
(337, '2020-03-07 21:08:50', 0, 'SIGN_IN', 'SYSTEM_INFO', 2, 2),
(338, '2020-03-07 21:13:28', 0, 'SIGN_IN', 'SYSTEM_INFO', 1, 1),
(339, '2020-03-07 21:14:02', 0, 'SIGN_IN', 'SYSTEM_INFO', 1, 1),
(340, '2020-03-07 21:14:41', 0, 'SIGN_IN', 'SYSTEM_INFO', 1, 1),
(341, '2020-03-07 21:15:23', 0, 'SIGN_IN', 'SYSTEM_INFO', 1, 1),
(342, '2020-03-07 21:16:11', 0, 'SIGN_IN', 'SYSTEM_INFO', 1, 1),
(343, '2020-03-07 21:16:40', 0, 'SIGN_IN', 'SYSTEM_INFO', 1, 1),
(344, '2020-03-07 22:05:31', 0, 'SIGN_IN', 'SYSTEM_INFO', 1, 1),
(346, '2020-03-07 22:11:10', 345, 'CREATED', 'MAP_POINT', 2, 2),
(348, '2020-03-07 22:23:31', 347, 'CREATED', 'MAP_POINT', 2, 2),
(349, '2020-03-07 22:50:44', 0, 'SIGN_IN', 'SYSTEM_INFO', 1, 1),
(350, '2020-03-07 22:51:53', 0, 'SIGN_IN', 'SYSTEM_INFO', 1, 1),
(351, '2020-03-07 22:54:13', 0, 'SIGN_IN', 'SYSTEM_INFO', 1, 1),
(352, '2020-03-07 22:56:40', 0, 'SIGN_IN', 'SYSTEM_INFO', 1, 1),
(353, '2020-03-07 23:09:49', 0, 'SIGN_IN', 'SYSTEM_INFO', 1, 1),
(354, '2020-03-07 23:11:13', 0, 'SIGN_IN', 'SYSTEM_INFO', 1, 1),
(355, '2020-03-07 23:12:21', 0, 'SIGN_IN', 'SYSTEM_INFO', 1, 1),
(356, '2020-03-07 23:13:57', 0, 'SIGN_IN', 'SYSTEM_INFO', 1, 1),
(357, '2020-03-07 23:14:52', 0, 'SIGN_IN', 'SYSTEM_INFO', 1, 1),
(358, '2020-03-07 23:29:22', 0, 'SIGN_IN', 'SYSTEM_INFO', 1, 1),
(361, '2020-03-08 00:58:20', 0, 'SIGN_IN', 'SYSTEM_INFO', 1, 1),
(362, '2020-03-08 01:09:15', 0, 'SIGN_IN', 'SYSTEM_INFO', 1, 1),
(364, '2020-03-08 01:45:14', 0, 'SIGN_IN', 'SYSTEM_INFO', 2, 2),
(366, '2020-03-08 01:47:53', 0, 'SIGN_IN', 'SYSTEM_INFO', 2, 2),
(367, '2020-03-08 01:49:49', 0, 'SIGN_IN', 'SYSTEM_INFO', 1, 1),
(369, '2020-03-08 02:13:27', 0, 'SIGN_IN', 'SYSTEM_INFO', 1, 1),
(370, '2020-03-08 02:23:57', 0, 'SIGN_IN', 'SYSTEM_INFO', 1, 1),
(371, '2020-03-08 02:28:28', 0, 'SIGN_IN', 'SYSTEM_INFO', 1, 1),
(372, '2020-03-08 02:31:54', 0, 'SIGN_IN', 'SYSTEM_INFO', 1, 1),
(373, '2020-03-08 02:33:57', 0, 'SIGN_IN', 'SYSTEM_INFO', 1, 1),
(374, '2020-03-08 02:42:51', 0, 'SIGN_IN', 'SYSTEM_INFO', 1, 1),
(376, '2020-03-08 02:45:34', 0, 'SIGN_IN', 'SYSTEM_INFO', 1, 1),
(378, '2020-03-08 02:52:44', 0, 'SIGN_IN', 'SYSTEM_INFO', 2, 2),
(379, '2020-03-08 02:54:45', 0, 'SIGN_IN', 'SYSTEM_INFO', 1, 1),
(380, '2020-03-08 03:04:16', 0, 'SIGN_IN', 'SYSTEM_INFO', 2, 2),
(383, '2020-03-08 03:15:01', 0, 'SIGN_IN', 'SYSTEM_INFO', 2, 2),
(386, '2020-03-08 03:28:18', 131, 'MODIFIED', 'CONTENT_ELEMENT', 2, 2),
(387, '2020-03-08 03:35:47', 0, 'SIGN_IN', 'SYSTEM_INFO', 2, 2),
(388, '2020-03-08 03:43:36', 0, 'SIGN_IN', 'SYSTEM_INFO', 2, 2),
(389, '2020-03-08 03:46:45', 0, 'SIGN_IN', 'SYSTEM_INFO', 2, 2),
(390, '2020-03-08 03:47:33', 131, 'MODIFIED', 'CONTENT_ELEMENT', 2, 2),
(391, '2020-03-08 04:02:05', 151, 'MODIFIED', 'CONTENT_ELEMENT', 2, 2),
(392, '2020-03-08 04:05:47', 0, 'SIGN_IN', 'SYSTEM_INFO', 2, 2),
(393, '2020-03-08 04:06:07', 130, 'MODIFIED', 'CONTENT_ELEMENT', 2, 2),
(394, '2020-03-08 04:29:26', 0, 'SIGN_IN', 'SYSTEM_INFO', 1, 1),
(396, '2020-03-08 04:33:30', 0, 'SIGN_IN', 'SYSTEM_INFO', 2, 2),
(397, '2020-03-08 04:41:00', 0, 'SIGN_IN', 'SYSTEM_INFO', 1, 1),
(399, '2020-03-08 04:46:00', 0, 'SIGN_IN', 'SYSTEM_INFO', 1, 1),
(400, '2020-03-08 04:49:30', 0, 'SIGN_IN', 'SYSTEM_INFO', 1, 1),
(401, '2020-03-08 04:55:21', 0, 'SIGN_IN', 'SYSTEM_INFO', 2, 2),
(403, '2020-03-08 17:21:10', 130, 'MODIFIED', 'CONTENT_ELEMENT', 2, 2),
(404, '2020-03-08 17:24:28', 130, 'MODIFIED', 'CONTENT_ELEMENT', 2, 2),
(405, '2020-03-08 17:25:05', 0, 'SIGN_IN', 'SYSTEM_INFO', 1, 1),
(406, '2020-03-08 17:34:09', 0, 'SIGN_IN', 'SYSTEM_INFO', 1, 1),
(407, '2020-03-08 17:34:46', 0, 'SIGN_IN', 'SYSTEM_INFO', 1, 1),
(408, '2020-03-08 17:35:09', 0, 'SIGN_IN', 'SYSTEM_INFO', 1, 1),
(409, '2020-03-08 17:35:14', 130, 'MODIFIED', 'CONTENT_ELEMENT', 2, 2),
(411, '2020-03-08 17:42:03', 0, 'SIGN_IN', 'SYSTEM_INFO', 2, 2),
(413, '2020-03-08 17:50:45', 0, 'SIGN_IN', 'SYSTEM_INFO', 2, 2),
(414, '2020-03-08 18:12:52', 130, 'MODIFIED', 'CONTENT_ELEMENT', 2, 2),
(415, '2020-03-08 18:16:20', 130, 'MODIFIED', 'CONTENT_ELEMENT', 2, 2),
(416, '2020-03-08 18:22:17', 131, 'MODIFIED', 'CONTENT_ELEMENT', 2, 2),
(417, '2020-03-08 18:22:28', 131, 'MODIFIED', 'CONTENT_ELEMENT', 2, 2),
(418, '2020-03-08 18:28:05', 131, 'MODIFIED', 'CONTENT_ELEMENT', 2, 2),
(419, '2020-03-08 18:28:22', 131, 'MODIFIED', 'CONTENT_ELEMENT', 2, 2),
(420, '2020-03-08 18:35:31', 0, 'SIGN_IN', 'SYSTEM_INFO', 1, 1),
(421, '2020-03-08 18:36:11', 0, 'SIGN_IN', 'SYSTEM_INFO', 1, 1),
(422, '2020-03-08 18:44:59', 0, 'SIGN_IN', 'SYSTEM_INFO', 1, 1),
(424, '2020-03-08 21:04:40', 0, 'SIGN_IN', 'SYSTEM_INFO', 1, 1),
(425, '2020-03-08 21:13:08', 0, 'SIGN_IN', 'SYSTEM_INFO', 1, 1),
(426, '2020-03-08 21:14:26', 0, 'SIGN_IN', 'SYSTEM_INFO', 2, 2),
(429, '2020-03-08 21:30:38', 0, 'SIGN_IN', 'SYSTEM_INFO', 2, 2),
(430, '2020-03-08 21:40:01', 0, 'SIGN_IN', 'SYSTEM_INFO', 2, 2),
(432, '2020-03-08 21:50:28', 0, 'SIGN_IN', 'SYSTEM_INFO', 1, 1),
(433, '2020-03-08 23:01:53', 0, 'SIGN_IN', 'SYSTEM_INFO', 1, 1),
(435, '2020-03-08 23:09:20', 0, 'SIGN_IN', 'SYSTEM_INFO', 1, 1),
(436, '2020-03-08 23:10:05', 0, 'SIGN_IN', 'SYSTEM_INFO', 1, 1),
(437, '2020-03-08 23:10:36', 0, 'SIGN_IN', 'SYSTEM_INFO', 2, 2),
(438, '2020-03-08 23:31:28', 0, 'SIGN_IN', 'SYSTEM_INFO', 1, 1),
(439, '2020-03-08 23:35:38', 0, 'SIGN_IN', 'SYSTEM_INFO', 2, 2),
(441, '2020-03-08 23:39:00', 0, 'SIGN_IN', 'SYSTEM_INFO', 1, 1),
(443, '2020-03-08 23:40:18', 0, 'SIGN_IN', 'SYSTEM_INFO', 2, 2),
(445, '2020-03-08 23:41:31', 0, 'SIGN_IN', 'SYSTEM_INFO', 2, 2),
(446, '2020-03-08 23:42:26', 0, 'SIGN_IN', 'SYSTEM_INFO', 2, 2),
(448, '2020-03-08 23:44:20', 0, 'SIGN_IN', 'SYSTEM_INFO', 1, 1),
(450, '2020-03-09 00:18:51', 0, 'SIGN_IN', 'SYSTEM_INFO', 2, 2),
(451, '2020-03-09 00:19:35', 0, 'SIGN_IN', 'SYSTEM_INFO', 1, 1),
(453, '2020-03-09 00:24:32', 0, 'SIGN_IN', 'SYSTEM_INFO', 1, 1),
(454, '2020-03-09 00:26:23', 0, 'SIGN_IN', 'SYSTEM_INFO', 1, 1),
(455, '2020-03-09 00:27:02', 0, 'SIGN_IN', 'SYSTEM_INFO', 2, 2),
(457, '2020-03-09 00:32:51', 0, 'SIGN_IN', 'SYSTEM_INFO', 1, 1),
(458, '2020-03-09 00:33:34', 0, 'SIGN_IN', 'SYSTEM_INFO', 2, 2),
(460, '2020-03-09 00:44:26', 0, 'SIGN_IN', 'SYSTEM_INFO', 2, 2),
(462, '2020-03-09 03:09:16', 0, 'SIGN_IN', 'SYSTEM_INFO', 1, 1),
(463, '2020-03-09 14:01:48', 0, 'SIGN_IN', 'SYSTEM_INFO', 2, 2),
(464, '2020-03-09 17:42:35', 0, 'SIGN_IN', 'SYSTEM_INFO', 1, 1),
(465, '2020-03-09 17:48:55', 0, 'SIGN_IN', 'SYSTEM_INFO', 2, 2),
(467, '2020-03-09 18:16:59', 0, 'SIGN_IN', 'SYSTEM_INFO', 1, 1),
(468, '2020-03-09 18:20:02', 0, 'SIGN_IN', 'SYSTEM_INFO', 1, 1),
(470, '2020-03-09 18:31:08', 0, 'SIGN_IN', 'SYSTEM_INFO', 2, 2),
(472, '2020-03-09 18:35:29', 0, 'SIGN_IN', 'SYSTEM_INFO', 2, 2),
(474, '2020-03-09 18:40:43', 124, 'MODIFIED', 'CONTENT_ELEMENT', 2, 2),
(475, '2020-03-09 18:49:46', 0, 'SIGN_IN', 'SYSTEM_INFO', 2, 2),
(476, '2020-03-09 18:51:12', 0, 'SIGN_IN', 'SYSTEM_INFO', 2, 2),
(478, '2020-03-09 18:52:20', 0, 'SIGN_IN', 'SYSTEM_INFO', 2, 2),
(480, '2020-03-09 18:59:26', 0, 'SIGN_IN', 'SYSTEM_INFO', 2, 2),
(482, '2020-03-09 19:02:44', 0, 'SIGN_IN', 'SYSTEM_INFO', 2, 2),
(483, '2020-03-09 19:03:19', 0, 'SIGN_IN', 'SYSTEM_INFO', 1, 1),
(484, '2020-03-09 19:06:44', 0, 'SIGN_IN', 'SYSTEM_INFO', 1, 1),
(485, '2020-03-09 19:07:51', 0, 'SIGN_IN', 'SYSTEM_INFO', 2, 2),
(486, '2020-03-09 19:09:40', 124, 'MODIFIED', 'CONTENT_ELEMENT', 2, 2),
(488, '2020-03-09 19:14:00', 0, 'SIGN_IN', 'SYSTEM_INFO', 2, 2),
(489, '2020-03-09 19:14:33', 0, 'SIGN_IN', 'SYSTEM_INFO', 2, 2),
(490, '2020-03-09 19:15:04', 0, 'SIGN_IN', 'SYSTEM_INFO', 2, 2),
(491, '2020-03-09 19:15:24', 0, 'SIGN_IN', 'SYSTEM_INFO', 1, 1),
(493, '2020-03-09 19:18:10', 0, 'SIGN_IN', 'SYSTEM_INFO', 2, 2),
(495, '2020-03-09 19:21:06', 0, 'SIGN_IN', 'SYSTEM_INFO', 1, 1),
(497, '2020-03-09 19:26:17', 0, 'SIGN_IN', 'SYSTEM_INFO', 1, 1),
(499, '2020-03-09 19:29:43', 471, 'MODIFIED', 'CONTENT_ELEMENT', 2, 2),
(501, '2020-03-09 19:33:38', 0, 'SIGN_IN', 'SYSTEM_INFO', 1, 1),
(502, '2020-03-09 19:33:45', 0, 'SIGN_IN', 'SYSTEM_INFO', 2, 2),
(504, '2020-03-09 19:36:11', 0, 'SIGN_IN', 'SYSTEM_INFO', 1, 1),
(505, '2020-03-09 19:36:35', 0, 'SIGN_IN', 'SYSTEM_INFO', 1, 1),
(506, '2020-03-09 19:38:16', 0, 'SIGN_IN', 'SYSTEM_INFO', 1, 1),
(507, '2020-03-09 19:39:26', 0, 'SIGN_IN', 'SYSTEM_INFO', 1, 1),
(508, '2020-03-09 19:41:57', 0, 'SIGN_IN', 'SYSTEM_INFO', 1, 1),
(509, '2020-03-09 19:42:38', 0, 'SIGN_IN', 'SYSTEM_INFO', 1, 1),
(510, '2020-03-09 19:46:10', 0, 'SIGN_IN', 'SYSTEM_INFO', 1, 1),
(511, '2020-03-09 19:46:33', 0, 'SIGN_IN', 'SYSTEM_INFO', 2, 2),
(512, '2020-03-09 19:47:02', 0, 'SIGN_IN', 'SYSTEM_INFO', 1, 1),
(513, '2020-03-09 19:54:28', 0, 'SIGN_IN', 'SYSTEM_INFO', 1, 1),
(514, '2020-03-09 22:30:55', 0, 'SIGN_IN', 'SYSTEM_INFO', 1, 1),
(515, '2020-03-09 23:20:42', 0, 'SIGN_IN', 'SYSTEM_INFO', 2, 2),
(516, '2020-03-09 23:34:48', 0, 'SIGN_IN', 'SYSTEM_INFO', 2, 2),
(517, '2020-03-09 23:38:32', 0, 'SIGN_IN', 'SYSTEM_INFO', 2, 2),
(518, '2020-03-10 01:35:25', 130, 'MODIFIED', 'CONTENT_ELEMENT', 2, 2),
(519, '2020-03-10 01:39:42', 131, 'MODIFIED', 'CONTENT_ELEMENT', 2, 2),
(520, '2020-03-10 13:58:11', 0, 'SIGN_IN', 'SYSTEM_INFO', 2, 2),
(521, '2020-03-10 14:02:08', 0, 'SIGN_IN', 'SYSTEM_INFO', 2, 2),
(522, '2020-03-10 14:36:08', 0, 'SIGN_IN', 'SYSTEM_INFO', 1, 1),
(524, '2020-03-10 14:42:10', 0, 'SIGN_IN', 'SYSTEM_INFO', 1, 1),
(525, '2020-03-10 14:51:12', 0, 'SIGN_IN', 'SYSTEM_INFO', 2, 2),
(527, '2020-03-10 15:02:54', 0, 'SIGN_IN', 'SYSTEM_INFO', 2, 2),
(528, '2020-03-10 15:03:19', 0, 'SIGN_IN', 'SYSTEM_INFO', 1, 1),
(530, '2020-03-10 15:04:37', 0, 'SIGN_IN', 'SYSTEM_INFO', 1, 1),
(531, '2020-03-10 15:05:57', 0, 'SIGN_IN', 'SYSTEM_INFO', 1, 1),
(532, '2020-03-10 15:06:11', 0, 'SIGN_IN', 'SYSTEM_INFO', 1, 1),
(533, '2020-03-10 15:06:41', 0, 'SIGN_IN', 'SYSTEM_INFO', 1, 1),
(534, '2020-03-10 15:15:26', 0, 'SIGN_IN', 'SYSTEM_INFO', 1, 1),
(535, '2020-03-10 15:15:48', 0, 'SIGN_IN', 'SYSTEM_INFO', 1, 1),
(536, '2020-03-10 15:16:39', 0, 'SIGN_IN', 'SYSTEM_INFO', 1, 1),
(537, '2020-03-10 15:17:37', 0, 'SIGN_IN', 'SYSTEM_INFO', 1, 1),
(538, '2020-03-10 15:18:14', 0, 'SIGN_IN', 'SYSTEM_INFO', 2, 2),
(539, '2020-03-10 15:18:54', 0, 'SIGN_IN', 'SYSTEM_INFO', 1, 1),
(540, '2020-03-10 15:19:20', 0, 'SIGN_IN', 'SYSTEM_INFO', 1, 1),
(541, '2020-03-10 15:21:47', 0, 'SIGN_IN', 'SYSTEM_INFO', 1, 1),
(542, '2020-03-10 16:37:22', 0, 'SIGN_IN', 'SYSTEM_INFO', 1, 1),
(545, '2020-03-11 20:31:45', 0, 'SIGN_IN', 'SYSTEM_INFO', 1, 1),
(546, '2020-03-11 20:43:24', 0, 'SIGN_IN', 'SYSTEM_INFO', 1, 1),
(547, '2020-03-11 20:43:54', 0, 'SIGN_IN', 'SYSTEM_INFO', 1, 1),
(548, '2020-03-11 20:45:05', 0, 'SIGN_IN', 'SYSTEM_INFO', 1, 1),
(549, '2020-03-11 22:23:03', 129, 'MODIFIED', 'CONTENT_ELEMENT', 2, 2),
(550, '2020-03-11 22:24:27', 132, 'MODIFIED', 'CONTENT_ELEMENT', 2, 2),
(551, '2020-03-11 22:26:14', 125, 'MODIFIED', 'CONTENT_ELEMENT', 2, 2),
(552, '2020-03-11 22:26:59', 128, 'MODIFIED', 'CONTENT_ELEMENT', 2, 2),
(553, '2020-03-11 22:31:05', 133, 'MODIFIED', 'CONTENT_ELEMENT', 2, 2),
(554, '2020-03-11 22:41:29', 136, 'MODIFIED', 'CONTENT_ELEMENT', 2, 2),
(555, '2020-03-11 23:43:11', 138, 'MODIFIED', 'CONTENT_ELEMENT', 2, 2),
(556, '2020-03-12 00:00:29', 139, 'MODIFIED', 'CONTENT_ELEMENT', 2, 2),
(557, '2020-03-12 05:04:51', 0, 'SIGN_IN', 'SYSTEM_INFO', 1, 1),
(558, '2020-03-12 05:06:27', 0, 'SIGN_IN', 'SYSTEM_INFO', 1, 1),
(559, '2020-03-12 05:07:19', 0, 'SIGN_IN', 'SYSTEM_INFO', 1, 1),
(560, '2020-03-12 05:09:31', 0, 'SIGN_IN', 'SYSTEM_INFO', 2, 2),
(568, '2020-03-12 05:27:27', 0, 'SIGN_IN', 'SYSTEM_INFO', 1, 1),
(569, '2020-03-12 05:31:28', 0, 'SIGN_IN', 'SYSTEM_INFO', 1, 1),
(570, '2020-03-12 05:32:17', 0, 'SIGN_IN', 'SYSTEM_INFO', 1, 1),
(571, '2020-03-12 05:39:03', 0, 'SIGN_IN', 'SYSTEM_INFO', 1, 1),
(572, '2020-03-12 05:40:06', 0, 'SIGN_IN', 'SYSTEM_INFO', 1, 1),
(574, '2020-03-12 05:42:31', 0, 'SIGN_IN', 'SYSTEM_INFO', 1, 1),
(575, '2020-03-12 05:42:53', 0, 'SIGN_IN', 'SYSTEM_INFO', 1, 1),
(577, '2020-03-12 05:45:27', 0, 'SIGN_IN', 'SYSTEM_INFO', 1, 1),
(578, '2020-03-12 05:45:43', 0, 'SIGN_IN', 'SYSTEM_INFO', 2, 2),
(579, '2020-03-12 05:46:37', 0, 'SIGN_IN', 'SYSTEM_INFO', 2, 2),
(581, '2020-03-12 05:50:39', 0, 'SIGN_IN', 'SYSTEM_INFO', 1, 1),
(583, '2020-03-12 05:59:04', 0, 'SIGN_IN', 'SYSTEM_INFO', 1, 1),
(585, '2020-03-12 06:03:17', 0, 'SIGN_IN', 'SYSTEM_INFO', 1, 1),
(586, '2020-03-12 06:05:48', 0, 'SIGN_IN', 'SYSTEM_INFO', 1, 1),
(587, '2020-03-12 06:09:38', 0, 'SIGN_IN', 'SYSTEM_INFO', 1, 1),
(588, '2020-03-12 06:15:09', 0, 'SIGN_IN', 'SYSTEM_INFO', 1, 1),
(590, '2020-03-12 06:19:51', 0, 'SIGN_IN', 'SYSTEM_INFO', 1, 1),
(591, '2020-03-12 06:26:51', 0, 'SIGN_IN', 'SYSTEM_INFO', 1, 1),
(592, '2020-03-13 15:33:58', 0, 'SIGN_IN', 'SYSTEM_INFO', 2, 2),
(595, '2020-03-13 19:22:03', 0, 'SIGN_IN', 'SYSTEM_INFO', 1, 1),
(596, '2020-03-13 19:23:55', 0, 'SIGN_IN', 'SYSTEM_INFO', 1, 1),
(597, '2020-03-13 19:24:50', 0, 'SIGN_IN', 'SYSTEM_INFO', 1, 1),
(598, '2020-03-13 19:25:55', 0, 'SIGN_IN', 'SYSTEM_INFO', 1, 1),
(599, '2020-03-13 19:27:06', 0, 'SIGN_IN', 'SYSTEM_INFO', 1, 1),
(600, '2020-03-13 19:35:30', 0, 'SIGN_IN', 'SYSTEM_INFO', 1, 1),
(601, '2020-03-13 19:38:26', 0, 'SIGN_IN', 'SYSTEM_INFO', 1, 1),
(602, '2020-03-13 22:19:40', 0, 'SIGN_IN', 'SYSTEM_INFO', 2, 2),
(603, '2020-03-13 22:24:58', 0, 'SIGN_IN', 'SYSTEM_INFO', 2, 2),
(604, '2020-03-14 17:09:47', 0, 'SIGN_IN', 'SYSTEM_INFO', 2, 2),
(605, '2020-03-14 17:10:40', 0, 'SIGN_IN', 'SYSTEM_INFO', 2, 2),
(606, '2020-03-14 17:15:12', 0, 'SIGN_IN', 'SYSTEM_INFO', 2, 2),
(607, '2020-03-14 17:36:09', 0, 'SIGN_IN', 'SYSTEM_INFO', 2, 2),
(608, '2020-03-14 17:37:33', 0, 'SIGN_IN', 'SYSTEM_INFO', 2, 2),
(609, '2020-03-14 20:23:47', 0, 'SIGN_IN', 'SYSTEM_INFO', 1, 1),
(610, '2020-03-14 20:56:18', 0, 'SIGN_IN', 'SYSTEM_INFO', 1, 1),
(611, '2020-03-14 20:57:46', 0, 'SIGN_IN', 'SYSTEM_INFO', 1, 1),
(613, '2020-03-14 20:59:21', 0, 'SIGN_IN', 'SYSTEM_INFO', 1, 1),
(614, '2020-03-14 21:00:19', 0, 'SIGN_IN', 'SYSTEM_INFO', 1, 1),
(616, '2020-03-14 21:06:13', 0, 'SIGN_IN', 'SYSTEM_INFO', 1, 1),
(617, '2020-03-15 18:27:13', 0, 'SIGN_IN', 'SYSTEM_INFO', 2, 2),
(620, '2020-03-15 18:39:35', 0, 'SIGN_IN', 'SYSTEM_INFO', 2, 2),
(621, '2020-03-15 19:39:17', 0, 'SIGN_IN', 'SYSTEM_INFO', 1, 1),
(622, '2020-03-15 20:10:49', 0, 'SIGN_IN', 'SYSTEM_INFO', 1, 1),
(623, '2020-03-15 20:12:29', 0, 'SIGN_IN', 'SYSTEM_INFO', 1, 1),
(624, '2020-03-15 20:13:52', 0, 'SIGN_IN', 'SYSTEM_INFO', 1, 1),
(626, '2020-03-15 20:14:40', 625, 'CREATED', 'USER', 1, 1),
(628, '2020-03-15 20:18:04', 0, 'SIGN_IN', 'SYSTEM_INFO', 1, 1),
(630, '2020-03-15 20:18:12', 629, 'CREATED', 'USER', 1, 1),
(632, '2020-03-15 20:24:22', 0, 'SIGN_IN', 'SYSTEM_INFO', 1, 1),
(635, '2020-03-15 20:26:09', 634, 'CREATED', 'USER', 1, 1),
(636, '2020-03-15 20:35:32', 0, 'SIGN_IN', 'SYSTEM_INFO', 1, 1),
(637, '2020-03-15 20:35:51', 0, 'SIGN_IN', 'SYSTEM_INFO', 634, 634),
(638, '2020-03-15 20:39:07', 0, 'SIGN_IN', 'SYSTEM_INFO', 2, 2),
(639, '2020-03-15 20:47:15', 0, 'SIGN_IN', 'SYSTEM_INFO', 634, 634),
(642, '2020-03-15 21:04:19', 641, 'CREATED', 'USER', 634, 634),
(643, '2020-03-15 21:07:09', 0, 'SIGN_IN', 'SYSTEM_INFO', 2, 2),
(644, '2020-03-15 21:07:17', 0, 'SIGN_IN', 'SYSTEM_INFO', 2, 2),
(645, '2020-03-15 21:07:26', 0, 'SIGN_IN', 'SYSTEM_INFO', 2, 2),
(646, '2020-03-15 21:08:10', 0, 'SIGN_IN', 'SYSTEM_INFO', 2, 2),
(647, '2020-03-15 21:08:21', 0, 'SIGN_IN', 'SYSTEM_INFO', 2, 2),
(648, '2020-03-15 21:08:51', 0, 'SIGN_IN', 'SYSTEM_INFO', 2, 2),
(649, '2020-03-15 21:09:55', 0, 'SIGN_IN', 'SYSTEM_INFO', 2, 2),
(651, '2020-03-15 21:12:26', 0, 'SIGN_IN', 'SYSTEM_INFO', 2, 2),
(652, '2020-03-15 21:19:42', 0, 'SIGN_IN', 'SYSTEM_INFO', 2, 2),
(653, '2020-03-15 21:20:34', 0, 'SIGN_IN', 'SYSTEM_INFO', 2, 2),
(654, '2020-03-15 21:20:40', 0, 'SIGN_IN', 'SYSTEM_INFO', 2, 2),
(655, '2020-03-15 21:22:33', 0, 'SIGN_IN', 'SYSTEM_INFO', 2, 2),
(656, '2020-03-15 21:22:56', 0, 'SIGN_IN', 'SYSTEM_INFO', 2, 2),
(657, '2020-03-15 21:22:57', 0, 'SIGN_IN', 'SYSTEM_INFO', 1, 1),
(659, '2020-03-15 21:50:42', 658, 'CREATED', 'USER', 2, 2),
(660, '2020-03-15 21:51:25', 0, 'SIGN_IN', 'SYSTEM_INFO', 658, 658),
(661, '2020-03-15 21:51:43', 0, 'SIGN_IN', 'SYSTEM_INFO', 658, 658),
(662, '2020-03-15 21:53:39', 0, 'SIGN_IN', 'SYSTEM_INFO', 658, 658),
(663, '2020-03-15 21:54:04', 0, 'SIGN_IN', 'SYSTEM_INFO', 658, 658),
(664, '2020-03-15 21:56:53', 0, 'SIGN_IN', 'SYSTEM_INFO', 658, 658),
(665, '2020-03-15 22:13:12', 0, 'SIGN_IN', 'SYSTEM_INFO', 634, 634),
(666, '2020-03-15 22:13:20', 0, 'SIGN_IN', 'SYSTEM_INFO', 634, 634),
(667, '2020-03-15 22:15:21', 0, 'SIGN_IN', 'SYSTEM_INFO', 634, 634),
(668, '2020-03-15 22:17:52', 0, 'SIGN_IN', 'SYSTEM_INFO', 658, 658),
(669, '2020-03-15 22:18:42', 0, 'SIGN_IN', 'SYSTEM_INFO', 2, 2),
(670, '2020-03-15 22:29:36', 0, 'SIGN_IN', 'SYSTEM_INFO', 2, 2),
(671, '2020-03-15 22:30:10', 0, 'SIGN_IN', 'SYSTEM_INFO', 658, 658),
(672, '2020-03-15 22:30:48', 0, 'SIGN_IN', 'SYSTEM_INFO', 2, 2),
(673, '2020-03-15 22:31:47', 0, 'SIGN_IN', 'SYSTEM_INFO', 634, 634),
(674, '2020-03-15 22:44:38', 0, 'SIGN_IN', 'SYSTEM_INFO', 2, 2),
(675, '2020-03-15 23:04:29', 0, 'SIGN_IN', 'SYSTEM_INFO', 634, 634),
(676, '2020-03-15 23:05:25', 0, 'SIGN_IN', 'SYSTEM_INFO', 634, 634),
(677, '2020-03-15 23:07:14', 0, 'SIGN_IN', 'SYSTEM_INFO', 634, 634),
(678, '2020-03-15 23:10:38', 0, 'SIGN_IN', 'SYSTEM_INFO', 1, 1),
(679, '2020-03-16 00:40:50', 0, 'SIGN_IN', 'SYSTEM_INFO', 634, 634),
(680, '2020-03-16 00:41:21', 0, 'SIGN_IN', 'SYSTEM_INFO', 2, 2),
(681, '2020-03-16 00:42:00', 0, 'SIGN_IN', 'SYSTEM_INFO', 2, 2),
(682, '2020-03-16 00:42:15', 0, 'SIGN_IN', 'SYSTEM_INFO', 1, 1),
(683, '2020-03-16 00:42:30', 0, 'SIGN_IN', 'SYSTEM_INFO', 634, 634),
(684, '2020-03-16 00:48:56', 0, 'SIGN_IN', 'SYSTEM_INFO', 634, 634),
(685, '2020-03-16 14:28:51', 0, 'SIGN_IN', 'SYSTEM_INFO', 2, 2),
(686, '2020-03-16 14:32:36', 0, 'SIGN_IN', 'SYSTEM_INFO', 2, 2),
(687, '2020-03-16 14:34:56', 0, 'SIGN_IN', 'SYSTEM_INFO', 2, 2),
(688, '2020-03-16 14:38:09', 0, 'SIGN_IN', 'SYSTEM_INFO', 2, 2),
(689, '2020-03-16 14:38:38', 0, 'SIGN_IN', 'SYSTEM_INFO', 2, 2),
(690, '2020-03-16 14:54:56', 0, 'SIGN_IN', 'SYSTEM_INFO', 2, 2),
(691, '2020-03-16 14:56:44', 0, 'SIGN_IN', 'SYSTEM_INFO', 658, 658),
(692, '2020-03-16 15:01:25', 0, 'SIGN_IN', 'SYSTEM_INFO', 2, 2),
(693, '2020-03-16 15:02:01', 0, 'SIGN_IN', 'SYSTEM_INFO', 658, 658),
(694, '2020-03-16 15:02:51', 0, 'SIGN_IN', 'SYSTEM_INFO', 2, 2),
(695, '2020-03-16 16:20:36', 0, 'SIGN_IN', 'SYSTEM_INFO', 2, 2),
(696, '2020-03-16 16:20:53', 0, 'SIGN_IN', 'SYSTEM_INFO', 2, 2),
(697, '2020-03-16 16:21:37', 0, 'SIGN_IN', 'SYSTEM_INFO', 2, 2),
(698, '2020-03-16 16:42:58', 0, 'SIGN_IN', 'SYSTEM_INFO', 2, 2),
(699, '2020-03-16 16:49:07', 0, 'SIGN_IN', 'SYSTEM_INFO', 2, 2),
(700, '2020-03-16 16:49:13', 0, 'SIGN_IN', 'SYSTEM_INFO', 658, 658),
(701, '2020-03-16 16:54:01', 0, 'SIGN_IN', 'SYSTEM_INFO', 2, 2),
(702, '2020-03-16 17:01:47', 0, 'SIGN_IN', 'SYSTEM_INFO', 2, 2),
(703, '2020-03-16 17:13:49', 0, 'SIGN_IN', 'SYSTEM_INFO', 2, 2),
(704, '2020-03-16 17:15:06', 0, 'SIGN_IN', 'SYSTEM_INFO', 2, 2),
(705, '2020-03-16 17:24:14', 0, 'SIGN_IN', 'SYSTEM_INFO', 2, 2),
(706, '2020-03-16 17:26:02', 0, 'SIGN_IN', 'SYSTEM_INFO', 2, 2),
(707, '2020-03-16 17:26:21', 0, 'SIGN_IN', 'SYSTEM_INFO', 658, 658),
(708, '2020-03-16 17:26:59', 0, 'SIGN_IN', 'SYSTEM_INFO', 658, 658),
(709, '2020-03-16 17:28:15', 0, 'SIGN_IN', 'SYSTEM_INFO', 2, 2),
(714, '2020-03-16 19:26:27', 0, 'SIGN_IN', 'SYSTEM_INFO', 2, 2),
(715, '2020-03-16 19:32:28', 0, 'SIGN_IN', 'SYSTEM_INFO', 2, 2),
(716, '2020-03-16 19:34:06', 0, 'SIGN_IN', 'SYSTEM_INFO', 2, 2),
(717, '2020-03-16 19:39:07', 0, 'SIGN_IN', 'SYSTEM_INFO', 2, 2),
(718, '2020-03-16 19:45:55', 0, 'SIGN_IN', 'SYSTEM_INFO', 2, 2),
(719, '2020-03-16 19:48:52', 0, 'SIGN_IN', 'SYSTEM_INFO', 2, 2),
(720, '2020-03-16 19:55:42', 0, 'SIGN_IN', 'SYSTEM_INFO', 2, 2),
(721, '2020-03-16 20:00:22', 0, 'SIGN_IN', 'SYSTEM_INFO', 2, 2),
(722, '2020-03-16 20:03:24', 0, 'SIGN_IN', 'SYSTEM_INFO', 2, 2),
(723, '2020-03-16 20:08:40', 0, 'SIGN_IN', 'SYSTEM_INFO', 2, 2),
(724, '2020-03-16 20:16:05', 0, 'SIGN_IN', 'SYSTEM_INFO', 2, 2),
(725, '2020-03-16 20:16:55', 0, 'SIGN_IN', 'SYSTEM_INFO', 2, 2),
(726, '2020-03-16 20:20:09', 0, 'SIGN_IN', 'SYSTEM_INFO', 2, 2),
(727, '2020-03-16 20:21:48', 0, 'SIGN_IN', 'SYSTEM_INFO', 2, 2),
(728, '2020-03-16 20:24:19', 0, 'SIGN_IN', 'SYSTEM_INFO', 658, 658),
(729, '2020-03-16 20:24:47', 0, 'SIGN_IN', 'SYSTEM_INFO', 2, 2),
(730, '2020-03-16 20:25:42', 0, 'SIGN_IN', 'SYSTEM_INFO', 658, 658),
(731, '2020-03-16 20:41:26', 0, 'SIGN_IN', 'SYSTEM_INFO', 2, 2),
(732, '2020-03-16 20:43:01', 0, 'SIGN_IN', 'SYSTEM_INFO', 2, 2),
(733, '2020-03-16 20:44:18', 0, 'SIGN_IN', 'SYSTEM_INFO', 2, 2),
(734, '2020-03-16 20:47:41', 0, 'SIGN_IN', 'SYSTEM_INFO', 2, 2),
(735, '2020-03-16 20:54:11', 0, 'SIGN_IN', 'SYSTEM_INFO', 2, 2),
(736, '2020-03-16 20:56:51', 0, 'SIGN_IN', 'SYSTEM_INFO', 2, 2),
(737, '2020-03-16 20:59:26', 0, 'SIGN_IN', 'SYSTEM_INFO', 2, 2),
(738, '2020-03-16 20:59:31', 0, 'SIGN_IN', 'SYSTEM_INFO', 2, 2),
(739, '2020-03-16 21:02:08', 0, 'SIGN_IN', 'SYSTEM_INFO', 2, 2),
(740, '2020-03-16 21:02:10', 0, 'SIGN_IN', 'SYSTEM_INFO', 2, 2),
(741, '2020-03-16 21:02:12', 0, 'SIGN_IN', 'SYSTEM_INFO', 2, 2),
(742, '2020-03-16 21:23:26', 0, 'SIGN_IN', 'SYSTEM_INFO', 2, 2),
(743, '2020-03-16 21:26:23', 0, 'SIGN_IN', 'SYSTEM_INFO', 2, 2),
(744, '2020-03-16 21:28:38', 0, 'SIGN_IN', 'SYSTEM_INFO', 2, 2),
(745, '2020-03-16 21:30:52', 0, 'SIGN_IN', 'SYSTEM_INFO', 2, 2),
(746, '2020-03-16 21:32:22', 0, 'SIGN_IN', 'SYSTEM_INFO', 2, 2),
(747, '2020-03-16 21:33:59', 0, 'SIGN_IN', 'SYSTEM_INFO', 2, 2),
(748, '2020-03-16 21:42:39', 0, 'SIGN_IN', 'SYSTEM_INFO', 658, 658),
(749, '2020-03-16 21:44:06', 0, 'SIGN_IN', 'SYSTEM_INFO', 2, 2),
(751, '2020-03-16 21:53:21', 750, 'CREATED', 'USER', 2, 2),
(752, '2020-03-16 21:53:45', 0, 'SIGN_IN', 'SYSTEM_INFO', 750, 750),
(753, '2020-03-16 22:02:03', 0, 'SIGN_IN', 'SYSTEM_INFO', 658, 658),
(754, '2020-03-16 22:02:23', 0, 'SIGN_IN', 'SYSTEM_INFO', 2, 2),
(756, '2020-03-16 22:03:07', 755, 'CREATED', 'USER', 2, 2),
(757, '2020-03-16 22:47:44', 0, 'SIGN_IN', 'SYSTEM_INFO', 2, 2),
(758, '2020-03-17 00:56:44', 0, 'SIGN_IN', 'SYSTEM_INFO', 658, 658),
(759, '2020-03-17 00:57:12', 0, 'SIGN_IN', 'SYSTEM_INFO', 755, 755),
(760, '2020-03-17 00:57:24', 0, 'SIGN_IN', 'SYSTEM_INFO', 750, 750),
(761, '2020-03-17 00:58:07', 0, 'SIGN_IN', 'SYSTEM_INFO', 755, 755),
(762, '2020-03-17 01:43:50', 0, 'SIGN_IN', 'SYSTEM_INFO', 755, 755),
(763, '2020-03-17 01:44:32', 0, 'SIGN_IN', 'SYSTEM_INFO', 658, 658),
(764, '2020-03-17 01:50:27', 0, 'SIGN_IN', 'SYSTEM_INFO', 755, 755),
(765, '2020-03-17 01:55:34', 0, 'SIGN_IN', 'SYSTEM_INFO', 658, 658),
(766, '2020-03-17 01:56:54', 0, 'SIGN_IN', 'SYSTEM_INFO', 755, 755),
(767, '2020-03-17 16:08:53', 0, 'SIGN_IN', 'SYSTEM_INFO', 755, 755),
(768, '2020-03-17 17:47:35', 0, 'SIGN_IN', 'SYSTEM_INFO', 755, 755),
(769, '2020-03-17 18:28:26', 0, 'SIGN_IN', 'SYSTEM_INFO', 2, 2),
(770, '2020-03-17 18:35:51', 0, 'SIGN_IN', 'SYSTEM_INFO', 755, 755),
(771, '2020-03-17 18:39:01', 0, 'SIGN_IN', 'SYSTEM_INFO', 755, 755),
(772, '2020-03-17 18:44:14', 0, 'SIGN_IN', 'SYSTEM_INFO', 755, 755),
(773, '2020-03-17 18:45:33', 0, 'SIGN_IN', 'SYSTEM_INFO', 755, 755),
(774, '2020-03-17 18:48:48', 0, 'SIGN_IN', 'SYSTEM_INFO', 755, 755),
(775, '2020-03-17 19:55:02', 0, 'SIGN_IN', 'SYSTEM_INFO', 755, 755),
(783, '2020-03-17 21:07:16', 0, 'SIGN_IN', 'SYSTEM_INFO', 755, 755),
(785, '2020-03-17 21:16:04', 0, 'SIGN_IN', 'SYSTEM_INFO', 755, 755),
(786, '2020-03-17 21:21:48', 0, 'SIGN_IN', 'SYSTEM_INFO', 755, 755),
(787, '2020-03-17 21:25:15', 0, 'SIGN_IN', 'SYSTEM_INFO', 755, 755),
(788, '2020-03-17 21:28:02', 0, 'SIGN_IN', 'SYSTEM_INFO', 750, 750),
(789, '2020-03-17 21:28:26', 0, 'SIGN_IN', 'SYSTEM_INFO', 658, 658),
(790, '2020-03-17 21:30:09', 0, 'SIGN_IN', 'SYSTEM_INFO', 755, 755),
(791, '2020-03-17 21:38:40', 0, 'SIGN_IN', 'SYSTEM_INFO', 755, 755),
(792, '2020-03-17 21:46:16', 0, 'SIGN_IN', 'SYSTEM_INFO', 755, 755),
(793, '2020-03-17 21:47:05', 0, 'SIGN_IN', 'SYSTEM_INFO', 750, 750),
(794, '2020-03-17 21:47:38', 0, 'SIGN_IN', 'SYSTEM_INFO', 658, 658),
(795, '2020-03-17 21:48:29', 0, 'SIGN_IN', 'SYSTEM_INFO', 755, 755),
(800, '2020-03-18 17:39:59', 0, 'SIGN_IN', 'SYSTEM_INFO', 755, 755),
(801, '2020-03-18 17:46:57', 0, 'SIGN_IN', 'SYSTEM_INFO', 755, 755),
(802, '2020-03-18 18:07:14', 0, 'SIGN_IN', 'SYSTEM_INFO', 658, 658),
(804, '2020-03-18 18:08:58', 0, 'SIGN_IN', 'SYSTEM_INFO', 750, 750),
(805, '2020-03-18 18:17:02', 0, 'SIGN_IN', 'SYSTEM_INFO', 2, 2),
(807, '2020-03-18 18:19:37', 0, 'SIGN_IN', 'SYSTEM_INFO', 1, 1),
(808, '2020-03-18 18:38:44', 0, 'SIGN_IN', 'SYSTEM_INFO', 1, 1),
(812, '2020-03-19 04:12:30', 0, 'SIGN_IN', 'SYSTEM_INFO', 2, 2),
(813, '2020-03-19 04:21:06', 1, 'MODIFIED', 'USER', 2, 2),
(814, '2020-03-19 14:54:14', 0, 'SIGN_IN', 'SYSTEM_INFO', 2, 2),
(815, '2020-03-19 15:31:53', 0, 'SIGN_IN', 'SYSTEM_INFO', 750, 750),
(816, '2020-03-19 15:32:37', 0, 'SIGN_IN', 'SYSTEM_INFO', 658, 658),
(817, '2020-03-19 18:59:50', 0, 'SIGN_IN', 'SYSTEM_INFO', 2, 2),
(819, '2020-03-20 23:48:16', 0, 'SIGN_IN', 'SYSTEM_INFO', 2, 2),
(820, '2020-03-20 23:48:27', 0, 'SIGN_IN', 'SYSTEM_INFO', 2, 2),
(821, '2020-03-20 23:48:28', 0, 'SIGN_IN', 'SYSTEM_INFO', 2, 2),
(822, '2020-03-20 23:53:18', 0, 'SIGN_IN', 'SYSTEM_INFO', 2, 2),
(826, '2020-03-21 01:51:29', 0, 'SIGN_IN', 'SYSTEM_INFO', 2, 2),
(827, '2020-03-21 01:53:33', 0, 'SIGN_IN', 'SYSTEM_INFO', 2, 2),
(828, '2020-03-21 14:42:23', 0, 'SIGN_IN', 'SYSTEM_INFO', 75, 75),
(829, '2020-03-21 14:43:26', 0, 'SIGN_IN', 'SYSTEM_INFO', 634, 634),
(834, '2020-03-21 19:37:33', 0, 'SIGN_IN', 'SYSTEM_INFO', 75, 75),
(835, '2020-03-21 19:39:48', 0, 'SIGN_IN', 'SYSTEM_INFO', 1, 1),
(934, '2020-03-23 05:35:43', 933, 'MODIFIED', 'CONTENT_ELEMENT', 634, 634),
(937, '2020-03-23 14:27:33', 0, 'SIGN_IN', 'SYSTEM_INFO', 755, 755),
(1059, '2020-03-24 19:29:27', 0, 'SIGN_IN', 'SYSTEM_INFO', 755, 755),
(1084, '2020-03-25 00:21:11', 0, 'SIGN_IN', 'SYSTEM_INFO', 2, 2),
(1133, '2020-03-25 16:11:05', 0, 'SIGN_IN', 'SYSTEM_INFO', 2, 2),
(1142, '2020-03-25 17:49:46', 0, 'SIGN_IN', 'SYSTEM_INFO', 2, 2),
(1174, '2020-03-25 21:39:16', 0, 'SIGN_IN', 'SYSTEM_INFO', 1, 1),
(1251, '2020-03-26 14:48:45', 0, 'SIGN_IN', 'SYSTEM_INFO', 1, 1),
(1252, '2020-03-26 16:12:56', 0, 'SIGN_IN', 'SYSTEM_INFO', 755, 755),
(1274, '2020-03-26 19:29:29', 0, 'SIGN_IN', 'SYSTEM_INFO', 2, 2),
(1284, '2020-03-26 21:05:58', 1283, 'MODIFIED', 'CONTENT_ELEMENT', 2, 2),
(1285, '2020-03-26 21:43:02', 0, 'SIGN_IN', 'SYSTEM_INFO', 2, 2),
(1289, '2020-03-26 21:44:07', 1288, 'MODIFIED', 'CONTENT_ELEMENT', 2, 2),
(1290, '2020-03-26 21:44:36', 1288, 'MODIFIED', 'CONTENT_ELEMENT', 2, 2),
(1292, '2020-03-26 21:45:15', 1291, 'MODIFIED', 'CONTENT_ELEMENT', 2, 2),
(1295, '2020-03-26 21:48:04', 1294, 'MODIFIED', 'CONTENT_ELEMENT', 2, 2),
(1298, '2020-03-26 21:51:19', 1297, 'MODIFIED', 'CONTENT_ELEMENT', 2, 2),
(1343, '2020-03-27 16:21:11', 1338, 'MODIFIED', 'CONTENT_ELEMENT', 2, 2),
(1374, '2020-03-29 19:55:44', 0, 'SIGN_IN', 'SYSTEM_INFO', 2, 2),
(1462, '2020-03-31 14:27:32', 0, 'SIGN_IN', 'SYSTEM_INFO', 755, 755),
(1513, '2020-04-01 15:09:59', 0, 'SIGN_IN', 'SYSTEM_INFO', 1, 1),
(1514, '2020-04-01 15:11:07', 0, 'SIGN_IN', 'SYSTEM_INFO', 1, 1),
(1518, '2020-04-01 20:37:00', 0, 'SIGN_IN', 'SYSTEM_INFO', 1, 1),
(1519, '2020-04-01 20:37:59', 0, 'SIGN_IN', 'SYSTEM_INFO', 2, 2),
(1520, '2020-04-01 20:40:24', 0, 'SIGN_IN', 'SYSTEM_INFO', 1, 1),
(1522, '2020-04-01 20:49:22', 0, 'SIGN_IN', 'SYSTEM_INFO', 1, 1),
(1524, '2020-04-01 20:50:23', 0, 'SIGN_IN', 'SYSTEM_INFO', 2, 2),
(1531, '2020-04-01 23:08:47', 1529, 'MODIFIED', 'CONTENT_ELEMENT', 2, 2),
(1532, '2020-04-01 23:13:20', 1529, 'MODIFIED', 'CONTENT_ELEMENT', 2, 2),
(1534, '2020-04-01 23:14:21', 1533, 'MODIFIED', 'CONTENT_ELEMENT', 2, 2),
(1535, '2020-04-02 00:50:46', 0, 'SIGN_IN', 'SYSTEM_INFO', 2, 2),
(1536, '2020-04-02 01:02:38', 0, 'SIGN_IN', 'SYSTEM_INFO', 2, 2),
(1537, '2020-04-02 01:03:47', 1527, 'MODIFIED', 'CONTENT_ELEMENT', 2, 2),
(1538, '2020-04-02 01:09:15', 1527, 'MODIFIED', 'CONTENT_ELEMENT', 2, 2),
(1539, '2020-04-02 01:23:07', 1527, 'MODIFIED', 'CONTENT_ELEMENT', 2, 2),
(1540, '2020-04-02 01:23:49', 1527, 'MODIFIED', 'CONTENT_ELEMENT', 2, 2),
(1548, '2020-04-02 03:57:04', 1546, 'MODIFIED', 'CONTENT_ELEMENT', 2, 2),
(1549, '2020-04-02 03:57:47', 1546, 'MODIFIED', 'CONTENT_ELEMENT', 2, 2),
(1550, '2020-04-02 03:58:43', 1546, 'MODIFIED', 'CONTENT_ELEMENT', 2, 2),
(1551, '2020-04-02 04:00:29', 1546, 'MODIFIED', 'CONTENT_ELEMENT', 2, 2),
(1553, '2020-04-02 04:09:40', 0, 'SIGN_IN', 'SYSTEM_INFO', 2, 2),
(1556, '2020-04-02 04:15:06', 1554, 'MODIFIED', 'CONTENT_ELEMENT', 2, 2),
(1558, '2020-04-02 04:15:50', 1557, 'MODIFIED', 'CONTENT_ELEMENT', 2, 2),
(1562, '2020-04-02 04:21:41', 1561, 'MODIFIED', 'CONTENT_ELEMENT', 2, 2);
--
-- end table insert : event
--

/*!40000 ALTER TABLE `event` ENABLE KEYS */;


--
-- start  table dump : filter
--

CREATE TABLE IF NOT EXISTS `filter` (
  `id` int(11) NOT NULL,
  `is_active` bit(1) NOT NULL,
  PRIMARY KEY (`id`)
) ENGINE=InnoDB DEFAULT CHARSET=utf8mb4 COLLATE=utf8mb4_0900_ai_ci;



--
-- end  table dump : filter
--



--
-- start  table dump : hibernate_sequence
--

CREATE TABLE IF NOT EXISTS `hibernate_sequence` (
  `next_val` bigint(20) DEFAULT NULL
) ENGINE=InnoDB DEFAULT CHARSET=utf8mb4 COLLATE=utf8mb4_0900_ai_ci;



--
-- end  table dump : hibernate_sequence
--


--
-- Inserts of hibernate_sequence
--


/*!40000 ALTER TABLE `hibernate_sequence` DISABLE KEYS */;

--
-- start table insert : hibernate_sequence
--
INSERT INTO `hibernate_sequence`(`next_val`) VALUES 
('1575'),
('1575'),
('1575'),
('1575'),
('1575'),
('1575'),
('1575'),
('1575'),
('1575'),
('1575'),
('1575'),
('1575'),
('1'),
('1'),
('1'),
('1'),
('1'),
('1'),
('1'),
('1'),
('1'),
('1'),
('1'),
('1'),
('1'),
('1'),
('1'),
('1'),
('1'),
('1'),
('1'),
('1'),
('1'),
('1'),
('1'),
('1'),
('1'),
('1'),
('1'),
('1'),
('1'),
('1'),
('1'),
('1'),
('1'),
('1'),
('1'),
('1');
--
-- end table insert : hibernate_sequence
--

/*!40000 ALTER TABLE `hibernate_sequence` ENABLE KEYS */;


--
-- start  table dump : language
--

CREATE TABLE IF NOT EXISTS `language` (
  `language_id` int(11) NOT NULL,
  `description` varchar(255) DEFAULT NULL,
  `code` varchar(255) DEFAULT NULL,
  `name` varchar(255) DEFAULT NULL,
  `content_content_id` int(11) DEFAULT NULL,
  `deleted` bit(1) NOT NULL,
  PRIMARY KEY (`language_id`),
  KEY `FKrt55mld7vf1k9jvnwoa0co4ar` (`content_content_id`),
  CONSTRAINT `FKrt55mld7vf1k9jvnwoa0co4ar` FOREIGN KEY (`content_content_id`) REFERENCES `content` (`content_id`)
) ENGINE=InnoDB DEFAULT CHARSET=utf8mb4 COLLATE=utf8mb4_0900_ai_ci;



--
-- end  table dump : language
--


--
-- Inserts of language
--


/*!40000 ALTER TABLE `language` DISABLE KEYS */;

--
-- start table insert : language
--
INSERT INTO `language`(`language_id`, `description`, `code`, `name`, `content_content_id`, `deleted`) VALUES 
(1, 'аҧсуа бызшәа, аҧсшәа', 'ab', 'Abkhazian', null, 0),
(2, 'Afaraf', 'aa', 'Afar', null, 0),
(3, 'Afrikaans', 'af', 'Afrikaans', null, 0),
(4, 'Akan', 'ak', 'Akan', null, 0),
(5, 'Shqip', 'sq', 'Albanian', null, 0),
(6, 'አማርኛ', 'am', 'Amharic', null, 0),
(7, 'العربية', 'ar', 'Arabic', null, 0),
(8, 'aragonés', 'an', 'Aragonese', null, 0),
(9, 'Հայերեն', 'hy', 'Armenian', null, 0),
(10, 'অসমীয়া', 'as', 'Assamese', null, 0),
(11, 'авар мацӀ, магӀарул мацӀ', 'av', 'Avaric', null, 0),
(12, 'avesta', 'ae', 'Avestan', null, 0),
(13, 'aymar aru', 'ay', 'Aymara', null, 0),
(14, 'azərbaycan dili', 'az', 'Azerbaijani', null, 0),
(15, 'bamanankan', 'bm', 'Bambara', null, 0),
(16, 'башҡорт теле', 'ba', 'Bashkir', null, 0),
(17, 'euskara, euskera', 'eu', 'Basque', null, 0),
(18, 'беларуская мова', 'be', 'Belarusian', null, 0),
(19, 'বাংলা', 'bn', 'Bengali', null, 0),
(20, 'भोजपुरी', 'bh', 'Bihari languages', null, 0),
(21, 'Bislama', 'bi', 'Bislama', null, 0),
(22, 'bosanski jezik', 'bs', 'Bosnian', null, 0),
(23, 'brezhoneg', 'br', 'Breton', null, 0),
(24, 'български език', 'bg', 'Bulgarian', null, 0),
(25, 'ဗမာစာ', 'my', 'Burmese', null, 0),
(26, 'català, valencià', 'ca', 'Catalan, Valencian', null, 0),
(27, 'Chamoru', 'ch', 'Chamorro', null, 0),
(28, 'нохчийн мотт', 'ce', 'Chechen', null, 0),
(29, 'chiCheŵa, chinyanja', 'ny', 'Chichewa, Chewa, Nyanja', null, 0),
(30, '中文 (Zhōngwén), 汉语, 漢語', 'zh', 'Chinese', null, 0),
(31, 'чӑваш чӗлхи', 'cv', 'Chuvash', null, 0),
(32, 'Kernewek', 'kw', 'Cornish', null, 0),
(33, 'corsu, lingua corsa', 'co', 'Corsican', null, 0),
(34, 'ᓀᐦᐃᔭᐍᐏᐣ', 'cr', 'Cree', null, 0),
(35, 'hrvatski jezik', 'hr', 'Croatian', null, 0),
(36, 'čeština, český jazyk', 'cs', 'Czech', null, 0),
(37, 'dansk', 'da', 'Danish', null, 0),
(38, 'ދިވެހި', 'dv', 'Divehi, Dhivehi, Maldivian', null, 0),
(39, 'Nederlands, Vlaams', 'nl', 'Dutch, Flemish', null, 0),
(40, 'རྫོང་ཁ', 'dz', 'Dzongkha', null, 0),
(41, 'English', 'en', 'English', null, 0),
(42, 'Esperanto', 'eo', 'Esperanto', null, 0),
(43, 'eesti, eesti keel', 'et', 'Estonian', null, 0),
(44, 'Eʋegbe', 'ee', 'Ewe', null, 0),
(45, 'føroyskt', 'fo', 'Faroese', null, 0),
(46, 'vosa Vakaviti', 'fj', 'Fijian', null, 0),
(47, 'suomi, suomen kieli', 'fi', 'Finnish', null, 0),
(48, 'français, langue française', 'fr', 'French', null, 0),
(49, 'Fulfulde, Pulaar, Pular', 'ff', 'Fulah', null, 0),
(50, 'Galego', 'gl', 'Galician', null, 0),
(51, 'ქართული', 'ka', 'Georgian', null, 0),
(52, 'Deutsch', 'de', 'German', null, 0),
(53, 'ελληνικά', 'el', 'Greek, Modern (1453-)', null, 0),
(54, 'Avañe\'ẽ', 'gn', 'Guarani', null, 0),
(55, 'ગુજરાતી', 'gu', 'Gujarati', null, 0),
(56, 'Kreyòl ayisyen', 'ht', 'Haitian, Haitian Creole', null, 0),
(57, '(Hausa) هَوُسَ', 'ha', 'Hausa', null, 0),
(58, 'עברית', 'he', 'Hebrew', null, 0),
(59, 'Otjiherero', 'hz', 'Herero', null, 0),
(60, 'हिन्दी, हिंदी', 'hi', 'Hindi', null, 0),
(61, 'Hiri Motu', 'ho', 'Hiri Motu', null, 0),
(62, 'magyar', 'hu', 'Hungarian', null, 0),
(63, 'Interlingua', 'ia', 'Interlingua (International Auxiliary Language Association)', null, 0),
(64, 'Bahasa Indonesia', 'id', 'Indonesian', null, 0),
(65, '(originally:) Occidental, (after WWII:) Interlingue', 'ie', 'Interlingue, Occidental', null, 0),
(66, 'Gaeilge', 'ga', 'Irish', null, 0),
(67, 'Asụsụ Igbo', 'ig', 'Igbo', null, 0),
(68, 'Iñupiaq, Iñupiatun', 'ik', 'Inupiaq', null, 0),
(69, 'Ido', 'io', 'Ido', null, 0),
(70, 'Íslenska', 'is', 'Icelandic', null, 0),
(71, 'Italiano', 'it', 'Italian', null, 0),
(72, 'ᐃᓄᒃᑎᑐᑦ', 'iu', 'Inuktitut', null, 0),
(73, '日本語 (にほんご)', 'ja', 'Japanese', null, 0),
(74, 'ꦧꦱꦗꦮ, Basa Jawa', 'jv', 'Javanese', null, 0),
(75, 'kalaallisut, kalaallit oqaasii', 'kl', 'Kalaallisut, Greenlandic', null, 0),
(76, 'ಕನ್ನಡ', 'kn', 'Kannada', null, 0),
(77, 'Kanuri', 'kr', 'Kanuri', null, 0),
(78, 'कश्मीरी, كشميري‎', 'ks', 'Kashmiri', null, 0),
(79, 'қазақ тілі', 'kk', 'Kazakh', null, 0),
(80, 'ខ្មែរ, ខេមរភាសា, ភាសាខ្មែរ', 'km', 'Central Khmer', null, 0),
(81, 'Gĩkũyũ', 'ki', 'Kikuyu, Gikuyu', null, 0),
(82, 'Ikinyarwanda', 'rw', 'Kinyarwanda', null, 0),
(83, 'Кыргызча, Кыргыз тили', 'ky', 'Kirghiz, Kyrgyz', null, 0),
(84, 'коми кыв', 'kv', 'Komi', null, 0),
(85, 'Kikongo', 'kg', 'Kongo', null, 0),
(86, '한국어', 'ko', 'Korean', null, 0),
(87, 'Kurdî, کوردی‎', 'ku', 'Kurdish', null, 0),
(88, 'Kuanyama', 'kj', 'Kuanyama, Kwanyama', null, 0),
(89, 'latine, lingua latina', 'la', 'Latin', null, 0),
(90, 'Lëtzebuergesch', 'lb', 'Luxembourgish, Letzeburgesch', null, 0),
(91, 'Luganda', 'lg', 'Ganda', null, 0),
(92, 'Limburgs', 'li', 'Limburgan, Limburger, Limburgish', null, 0),
(93, 'Lingála', 'ln', 'Lingala', null, 0),
(94, 'ພາສາລາວ', 'lo', 'Lao', null, 0),
(95, 'lietuvių kalba', 'lt', 'Lithuanian', null, 0),
(96, 'Kiluba', 'lu', 'Luba-Katanga', null, 0),
(97, 'latviešu valoda', 'lv', 'Latvian', null, 0),
(98, 'Gaelg, Gailck', 'gv', 'Manx', null, 0),
(99, 'македонски јазик', 'mk', 'Macedonian', null, 0),
(100, 'fiteny malagasy', 'mg', 'Malagasy', null, 0),
(101, 'Bahasa Melayu, بهاس ملايو‎', 'ms', 'Malay', null, 0),
(102, 'മലയാളം', 'ml', 'Malayalam', null, 0),
(103, 'Malti', 'mt', 'Maltese', null, 0),
(104, 'te reo Māori', 'mi', 'Maori', null, 0),
(105, 'मराठी', 'mr', 'Marathi', null, 0),
(106, 'Kajin M̧ajeļ', 'mh', 'Marshallese', null, 0),
(107, 'Монгол хэл', 'mn', 'Mongolian', null, 0),
(108, 'Dorerin Naoero', 'na', 'Nauru', null, 0),
(109, 'Diné bizaad', 'nv', 'Navajo, Navaho', null, 0),
(110, 'isiNdebele', 'nd', 'North Ndebele', null, 0),
(111, 'नेपाली', 'ne', 'Nepali', null, 0),
(112, 'Owambo', 'ng', 'Ndonga', null, 0),
(113, 'Norsk Bokmål', 'nb', 'Norwegian Bokmål', null, 0),
(114, 'Norsk Nynorsk', 'nn', 'Norwegian Nynorsk', null, 0),
(115, 'Norsk', 'no', 'Norwegian', null, 0),
(116, 'ꆈꌠ꒿ Nuosuhxop', 'ii', 'Sichuan Yi, Nuosu', null, 0),
(117, 'isiNdebele', 'nr', 'South Ndebele', null, 0),
(118, 'occitan, lenga d\'òc', 'oc', 'Occitan', null, 0),
(119, 'ᐊᓂᔑᓈᐯᒧᐎᓐ', 'oj', 'Ojibwa', null, 0),
(120, 'ѩзыкъ словѣньскъ', 'cu', 'Church Slavic, Old Slavonic, Church Slavonic, Old Bulgarian, Old Church Slavonic', null, 0),
(121, 'Afaan Oromoo', 'om', 'Oromo', null, 0),
(122, 'ଓଡ଼ିଆ', 'or', 'Oriya', null, 0),
(123, 'ирон æвзаг', 'os', 'Ossetian, Ossetic', null, 0),
(124, 'ਪੰਜਾਬੀ, پنجابی‎', 'pa', 'Punjabi, Panjabi', null, 0),
(125, 'पालि, पाळि', 'pi', 'Pali', null, 0),
(126, 'فارسی', 'fa', 'Persian', null, 0),
(127, 'język polski, polszczyzna', 'pl', 'Polish', null, 0),
(128, 'پښتو', 'ps', 'Pashto, Pushto', null, 0),
(129, 'Português', 'pt', 'Portuguese', null, 0),
(130, 'Runa Simi, Kichwa', 'qu', 'Quechua', null, 0),
(131, 'Rumantsch Grischun', 'rm', 'Romansh', null, 0),
(132, 'Ikirundi', 'rn', 'Rundi', null, 0),
(133, 'Română', 'ro', 'Romanian, Moldavian, Moldovan', null, 0),
(134, 'русский', 'ru', 'Russian', null, 0),
(135, 'संस्कृतम्', 'sa', 'Sanskrit', null, 0),
(136, 'sardu', 'sc', 'Sardinian', null, 0),
(137, 'सिन्धी, سنڌي، سندھی‎', 'sd', 'Sindhi', null, 0),
(138, 'Davvisámegiella', 'se', 'Northern Sami', null, 0),
(139, 'gagana fa\'a Samoa', 'sm', 'Samoan', null, 0),
(140, 'yângâ tî sängö', 'sg', 'Sango', null, 0),
(141, 'српски језик', 'sr', 'Serbian', null, 0),
(142, 'Gàidhlig', 'gd', 'Gaelic, Scottish Gaelic', null, 0),
(143, 'chiShona', 'sn', 'Shona', null, 0),
(144, 'සිංහල', 'si', 'Sinhala, Sinhalese', null, 0),
(145, 'Slovenčina, Slovenský Jazyk', 'sk', 'Slovak', null, 0),
(146, 'Slovenski Jezik, Slovenščina', 'sl', 'Slovenian', null, 0),
(147, 'Soomaaliga, af Soomaali', 'so', 'Somali', null, 0),
(148, 'Sesotho', 'st', 'Southern Sotho', null, 0),
(149, 'Español', 'es', 'Spanish', null, 0),
(150, 'Basa Sunda', 'su', 'Sundanese', null, 0),
(151, 'Kiswahili', 'sw', 'Swahili', null, 0),
(152, 'SiSwati', 'ss', 'Swati', null, 0),
(153, 'Svenska', 'sv', 'Swedish', null, 0),
(154, 'தமிழ்', 'ta', 'Tamil', null, 0),
(155, 'తెలుగు', 'te', 'Telugu', null, 0),
(156, 'тоҷикӣ, toçikī, تاجیکی‎', 'tg', 'Tajik', null, 0),
(157, 'ไทย', 'th', 'Thai', null, 0),
(158, 'ትግርኛ', 'ti', 'Tigrinya', null, 0),
(159, 'བོད་ཡིག', 'bo', 'Tibetan', null, 0),
(160, 'Türkmen, Түркмен', 'tk', 'Turkmen', null, 0),
(161, 'Wikang Tagalog', 'tl', 'Tagalog', null, 0),
(162, 'Setswana', 'tn', 'Tswana', null, 0),
(163, 'Faka Tonga', 'to', 'Tonga (Tonga Islands)', null, 0),
(164, 'Türkçe', 'tr', 'Turkish', null, 0),
(165, 'Xitsonga', 'ts', 'Tsonga', null, 0),
(166, 'татар теле, tatar tele', 'tt', 'Tatar', null, 0),
(167, 'Twi', 'tw', 'Twi', null, 0),
(168, 'Reo Tahiti', 'ty', 'Tahitian', null, 0),
(169, 'ئۇيغۇرچە‎, Uyghurche', 'ug', 'Uighur, Uyghur', null, 0),
(170, 'Українська', 'uk', 'Ukrainian', null, 0),
(171, 'اردو', 'ur', 'Urdu', null, 0),
(172, 'Oʻzbek, Ўзбек, أۇزبېك‎', 'uz', 'Uzbek', null, 0),
(173, 'Tshivenḓa', 've', 'Venda', null, 0),
(174, 'Tiếng Việt', 'vi', 'Vietnamese', null, 0),
(175, 'Volapük', 'vo', 'Volapük', null, 0),
(176, 'Walon', 'wa', 'Walloon', null, 0),
(177, 'Cymraeg', 'cy', 'Welsh', null, 0),
(178, 'Wollof', 'wo', 'Wolof', null, 0),
(179, 'Frysk', 'fy', 'Western Frisian', null, 0),
(180, 'isiXhosa', 'xh', 'Xhosa', null, 0),
(181, 'ייִדיש', 'yi', 'Yiddish', null, 0),
(182, 'Yorùbá', 'yo', 'Yoruba', null, 0),
(183, 'Saɯ cueŋƅ, Saw cuengh', 'za', 'Zhuang, Chuang', null, 0),
(184, 'isiZulu', 'zu', 'Zulu', null, 0);
--
-- end table insert : language
--

/*!40000 ALTER TABLE `language` ENABLE KEYS */;


--
-- start  table dump : map_point
--

CREATE TABLE IF NOT EXISTS `map_point` (
  `id` int(11) NOT NULL,
  `coordinates` longblob,
  `create_date_time` datetime DEFAULT NULL,
  `update_date_time` datetime DEFAULT NULL,
  `zoom_level` int(11) NOT NULL,
  `story_content_id` int(11) DEFAULT NULL,
  `deleted` bit(1) NOT NULL,
  PRIMARY KEY (`id`),
  KEY `FKeyrhmd62vuysp5kaqu4b88wxt` (`story_content_id`),
  CONSTRAINT `FKeyrhmd62vuysp5kaqu4b88wxt` FOREIGN KEY (`story_content_id`) REFERENCES `content` (`content_id`)
) ENGINE=InnoDB DEFAULT CHARSET=utf8mb4 COLLATE=utf8mb4_0900_ai_ci;



--
-- end  table dump : map_point
--


--
-- Inserts of map_point
--


/*!40000 ALTER TABLE `map_point` DISABLE KEYS */;

--
-- start table insert : map_point
--
INSERT INTO `map_point`(`id`, `coordinates`, `create_date_time`, `update_date_time`, `zoom_level`, `story_content_id`, `deleted`) VALUES 
(1430, '�� sr java.util.ArrayListx����a� I sizexp   w   sr java.lang.Double���J)k� D valuexr java.lang.Number������  xp        sq ~         x', '2020-03-31 02:38:43', '2020-03-31 02:38:43', 3, 1427, 1),
(1433, '�� sr java.util.ArrayListx����a� I sizexp   w   sr java.lang.Double���J)k� D valuexr java.lang.Number������  xp@Zg��u��sq ~ @:!�`"x', '2020-03-31 02:45:10', '2020-04-02 02:55:29', 3, null, 0),
(1437, '�� sr java.util.ArrayListx����a� I sizexp   w   sr java.lang.Double���J)k� D valuexr java.lang.Number������  xp        sq ~         x', '2020-03-31 03:45:38', '2020-03-31 03:45:38', 3, 1436, 0),
(1444, '�� sr java.util.ArrayListx����a� I sizexp   w   sr java.lang.Double���J)k� D valuexr java.lang.Number������  xp@4
     sq ~ @s*��p@x', '2020-03-31 04:09:35', '2020-03-31 04:09:35', 3, 1443, 0),
(1452, '�� sr java.util.ArrayListx����a� I sizexp   w   sr java.lang.Double���J)k� D valuexr java.lang.Number������  xp        sq ~         x', '2020-03-31 04:54:55', '2020-03-31 04:54:55', 3, 1451, 0),
(1456, '�� sr java.util.ArrayListx����a� I sizexp   w   sr java.lang.Double���J)k� D valuexr java.lang.Number������  xp        sq ~         x', '2020-03-31 05:09:01', '2020-03-31 05:09:01', 3, 1455, 0),
(1459, '�� sr java.util.ArrayListx����a� I sizexp   w   sr java.lang.Double���J)k� D valuexr java.lang.Number������  xp        sq ~         x', '2020-03-31 05:29:34', '2020-03-31 05:29:34', 3, 1458, 0),
(1468, '�� sr java.util.ArrayListx����a� I sizexp   w   sr java.lang.Double���J)k� D valuexr java.lang.Number������  xp        sq ~         x', '2020-03-31 15:18:00', '2020-03-31 15:18:00', 3, 1467, 0),
(1471, '�� sr java.util.ArrayListx����a� I sizexp   w   sr java.lang.Double���J)k� D valuexr java.lang.Number������  xp�.�;%�=�sq ~ ������x', '2020-03-31 15:35:26', '2020-03-31 15:35:26', 2, 1470, 0),
(1474, '�� sr java.util.ArrayListx����a� I sizexp   w   sr java.lang.Double���J)k� D valuexr java.lang.Number������  xp@_\>E0n�sq ~ ����a]@x', '2020-03-31 16:47:45', '2020-03-31 16:47:45', 3, 1473, 0),
(1478, '�� sr java.util.ArrayListx����a� I sizexp   w   sr java.lang.Double���J)k� D valuexr java.lang.Number������  xp        sq ~         x', '2020-03-31 16:55:32', '2020-03-31 16:55:32', 3, 1477, 0),
(1481, '�� sr java.util.ArrayListx����a� I sizexp   w   sr java.lang.Double���J)k� D valuexr java.lang.Number������  xp        sq ~         x', '2020-03-31 17:14:47', '2020-03-31 17:14:47', 3, 1480, 0),
(1485, '�� sr java.util.ArrayListx����a� I sizexp   w   sr java.lang.Double���J)k� D valuexr java.lang.Number������  xp        sq ~         x', '2020-03-31 17:52:00', '2020-03-31 17:52:00', 3, 1484, 0),
(1486, '�� sr java.util.ArrayListx����a� I sizexp   w   sr java.lang.Double���J)k� D valuexr java.lang.Number������  xp@3��ڣsq ~ ���g-(� x', '2020-03-31 17:52:15', '2020-03-31 17:52:15', 3, 1484, 0),
(1487, '�� sr java.util.ArrayListx����a� I sizexp   w   sr java.lang.Double���J)k� D valuexr java.lang.Number������  xp@3��ڣsq ~ ���g-(� x', '2020-03-31 17:52:33', '2020-03-31 17:52:33', 3, 1484, 0),
(1488, '�� sr java.util.ArrayListx����a� I sizexp   w   sr java.lang.Double���J)k� D valuexr java.lang.Number������  xp@3��ڣsq ~ ���g-(� x', '2020-03-31 17:52:57', '2020-03-31 17:52:57', 3, 1484, 0),
(1491, '�� sr java.util.ArrayListx����a� I sizexp   w   sr java.lang.Double���J)k� D valuexr java.lang.Number������  xp        sq ~         x', '2020-03-31 18:50:55', '2020-03-31 18:50:55', 3, 1489, 0),
(1492, '�� sr java.util.ArrayListx����a� I sizexp   w   sr java.lang.Double���J)k� D valuexr java.lang.Number������  xp@=8zU���sq ~ ���x x', '2020-03-31 18:52:41', '2020-03-31 18:52:41', 4, 1489, 0),
(1493, '�� sr java.util.ArrayListx����a� I sizexp   w   sr java.lang.Double���J)k� D valuexr java.lang.Number������  xp@>]�!5�5sq ~ � 0�C�`x', '2020-03-31 19:03:01', '2020-03-31 19:03:01', 4, 1489, 0),
(1497, '�� sr java.util.ArrayListx����a� I sizexp   w   sr java.lang.Double���J)k� D valuexr java.lang.Number������  xp        sq ~         x', '2020-03-31 19:48:50', '2020-03-31 19:48:50', 3, 1489, 0),
(1499, '�� sr java.util.ArrayListx����a� I sizexp   w   sr java.lang.Double���J)k� D valuexr java.lang.Number������  xp        sq ~         x', '2020-03-31 19:50:08', '2020-03-31 19:50:08', 3, 1489, 0),
(1500, '�� sr java.util.ArrayListx����a� I sizexp   w   sr java.lang.Double���J)k� D valuexr java.lang.Number������  xp        sq ~         x', '2020-03-31 19:50:20', '2020-03-31 19:50:20', 3, 1489, 0),
(1501, '�� sr java.util.ArrayListx����a� I sizexp   w   sr java.lang.Double���J)k� D valuexr java.lang.Number������  xp        sq ~         x', '2020-03-31 19:50:42', '2020-03-31 19:50:42', 3, 1489, 0),
(1504, '�� sr java.util.ArrayListx����a� I sizexp   w   sr java.lang.Double���J)k� D valuexr java.lang.Number������  xp        sq ~         x', '2020-03-31 19:57:27', '2020-03-31 19:57:27', 3, 1489, 0),
(1505, '�� sr java.util.ArrayListx����a� I sizexp   w   sr java.lang.Double���J)k� D valuexr java.lang.Number������  xp        sq ~         x', '2020-03-31 19:57:34', '2020-03-31 19:57:34', 3, 1489, 0),
(1506, '�� sr java.util.ArrayListx����a� I sizexp   w   sr java.lang.Double���J)k� D valuexr java.lang.Number������  xp        sq ~         x', '2020-03-31 19:57:41', '2020-03-31 19:57:41', 3, 1489, 0),
(1507, '�� sr java.util.ArrayListx����a� I sizexp   w   sr java.lang.Double���J)k� D valuexr java.lang.Number������  xp        sq ~         x', '2020-03-31 19:57:49', '2020-03-31 19:57:49', 3, 1489, 0),
(1508, '�� sr java.util.ArrayListx����a� I sizexp   w   sr java.lang.Double���J)k� D valuexr java.lang.Number������  xp        sq ~         x', '2020-03-31 19:57:57', '2020-03-31 19:57:57', 3, 1489, 0),
(1509, '�� sr java.util.ArrayListx����a� I sizexp   w   sr java.lang.Double���J)k� D valuexr java.lang.Number������  xp        sq ~         x', '2020-03-31 19:58:07', '2020-03-31 19:58:07', 3, 1489, 0),
(1525, '�� sr java.util.ArrayListx����a� I sizexp   w   sr java.lang.Double���J)k� D valuexr java.lang.Number������  xp@G������sq ~ �-��؅ x', '2020-04-01 20:53:10', '2020-04-01 20:53:10', 3, 1442, 0),
(1541, '�� sr java.util.ArrayListx����a� I sizexp   w   sr java.lang.Double���J)k� D valuexr java.lang.Number������  xp@[(�    sq ~ @<���Px', '2020-04-02 02:01:56', '2020-04-02 02:53:19', 3, null, 0),
(1542, '�� sr java.util.ArrayListx����a� I sizexp   w   sr java.lang.Double���J)k� D valuexr java.lang.Number������  xp@:� ���sq ~ @���N x', '2020-04-02 02:05:08', '2020-04-02 02:44:32', 5, null, 0),
(1543, '�� sr java.util.ArrayListx����a� I sizexp   w   sr java.lang.Double���J)k� D valuexr java.lang.Number������  xp�<�A1�\'�sq ~ �����6�x', '2020-04-02 02:29:16', '2020-04-02 02:31:40', 4, null, 0),
(1544, '�� sr java.util.ArrayListx����a� I sizexp   w   sr java.lang.Double���J)k� D valuexr java.lang.Number������  xp@`�D�:�Hsq ~ �7�*�M��x', '2020-04-02 02:56:30', '2020-04-02 02:58:21', 3, null, 0),
(1545, '�� sr java.util.ArrayListx����a� I sizexp   w   sr java.lang.Double���J)k� D valuexr java.lang.Number������  xp@[}�� 3dsq ~ @A�q3U%�x', '2020-04-02 03:07:02', '2020-04-02 04:21:55', 3, null, 0),
(1547, '�� sr java.util.ArrayListx����a� I sizexp   w   sr java.lang.Double���J)k� D valuexr java.lang.Number������  xp�Yf��`sq ~ @B30��!�x', '2020-04-02 03:12:11', '2020-04-02 03:31:46', 3, null, 0),
(1552, '�� sr java.util.ArrayListx����a� I sizexp   w   sr java.lang.Double���J)k� D valuexr java.lang.Number������  xp�8l|�%(�sq ~ @KOV�G�x', '2020-04-02 04:03:33', '2020-04-02 04:49:15', 3, null, 0),
(1555, '�� sr java.util.ArrayListx����a� I sizexp   w   sr java.lang.Double���J)k� D valuexr java.lang.Number������  xp@T��Y��0sq ~ @-����x', '2020-04-02 04:13:23', '2020-04-02 04:13:23', 3, 1427, 1),
(1560, '�� sr java.util.ArrayListx����a� I sizexp   w   sr java.lang.Double���J)k� D valuexr java.lang.Number������  xp�b;;"�ذsq ~ ?�T��� x', '2020-04-02 04:19:16', '2020-04-02 04:19:42', 1, null, 0),
(1563, '�� sr java.util.ArrayListx����a� I sizexp   w   sr java.lang.Double���J)k� D valuexr java.lang.Number������  xp@@�O�]sq ~ @>c��hx', '2020-04-02 04:28:23', '2020-04-02 04:29:23', 1, null, 0),
(1564, '�� sr java.util.ArrayListx����a� I sizexp   w   sr java.lang.Double���J)k� D valuexr java.lang.Number������  xp@[q�fO4sq ~ �"n���x', '2020-04-02 04:58:16', '2020-04-02 04:59:47', 3, null, 0),
(1566, '�� sr java.util.ArrayListx����a� I sizexp   w   sr java.lang.Double���J)k� D valuexr java.lang.Number������  xp@bM�    sq ~ @5s�NQ�xx', '2020-04-02 05:02:23', '2020-04-02 05:12:57', 3, 1427, 0),
(1568, '�� sr java.util.ArrayListx����a� I sizexp   w   sr java.lang.Double���J)k� D valuexr java.lang.Number������  xp�&"�\ sq ~ @(D.Y�x', '2020-04-02 05:06:08', '2020-04-02 05:06:08', 3, 1427, 0),
(1569, '�� sr java.util.ArrayListx����a� I sizexp   w   sr java.lang.Double���J)k� D valuexr java.lang.Number������  xp��t�� sq ~ �EZ Ix', '2020-04-02 05:16:53', '2020-04-02 05:17:07', 2, 1427, 0),
(1570, '�� sr java.util.ArrayListx����a� I sizexp   w   sr java.lang.Double���J)k� D valuexr java.lang.Number������  xp@d�����Ksq ~ @3�W�.��x', '2020-04-02 05:17:18', '2020-04-02 05:18:35', 3, 1427, 0),
(1571, '�� sr java.util.ArrayListx����a� I sizexp   w   sr java.lang.Double���J)k� D valuexr java.lang.Number������  xp@b4q�1��sq ~ @ D� +,`x', '2020-04-02 05:18:45', '2020-04-02 05:18:45', 4, 1427, 0),
(1572, '�� sr java.util.ArrayListx����a� I sizexp   w   sr java.lang.Double���J)k� D valuexr java.lang.Number������  xp@a�Q]� sq ~ @�g��@x', '2020-04-02 05:18:54', '2020-04-02 05:18:54', 5, 1427, 0),
(1573, '�� sr java.util.ArrayListx����a� I sizexp   w   sr java.lang.Double���J)k� D valuexr java.lang.Number������  xp@bM�    sq ~ @5s�NQ�xx', '2020-04-02 05:19:35', '2020-04-02 05:19:35', 3, 1427, 0),
(1574, '�� sr java.util.ArrayListx����a� I sizexp   w   sr java.lang.Double���J)k� D valuexr java.lang.Number������  xp@bM�    sq ~ @5s�NQ�xx', '2020-04-02 05:20:59', '2020-04-02 05:20:59', 3, 1427, 0);
--
-- end table insert : map_point
--

/*!40000 ALTER TABLE `map_point` ENABLE KEYS */;


--
-- start  table dump : password_reset_token
--

CREATE TABLE IF NOT EXISTS `password_reset_token` (
  `id` bigint(20) NOT NULL,
  `token` varchar(255) DEFAULT NULL,
  PRIMARY KEY (`id`)
) ENGINE=InnoDB DEFAULT CHARSET=utf8mb4 COLLATE=utf8mb4_0900_ai_ci;



--
-- end  table dump : password_reset_token
--



--
-- start  table dump : permission
--

CREATE TABLE IF NOT EXISTS `permission` (
  `id` bigint(20) NOT NULL AUTO_INCREMENT,
  `name` varchar(255) DEFAULT NULL,
  PRIMARY KEY (`id`),
  UNIQUE KEY `UK_lmw93bs50snsjuxyajwpk1yjt` (`name`)
) ENGINE=InnoDB DEFAULT CHARSET=utf8mb4 COLLATE=utf8mb4_0900_ai_ci;



--
-- end  table dump : permission
--



--
-- start  table dump : report
--

CREATE TABLE IF NOT EXISTS `report` (
  `report_id` int(11) NOT NULL,
  `name` varchar(255) DEFAULT NULL,
  PRIMARY KEY (`report_id`)
) ENGINE=InnoDB DEFAULT CHARSET=utf8mb4 COLLATE=utf8mb4_0900_ai_ci;



--
-- end  table dump : report
--



--
-- start  table dump : study_class
--

CREATE TABLE IF NOT EXISTS `study_class` (
  `study_class_id` varchar(255) NOT NULL,
  `effective_time` bigint(20) NOT NULL,
  `pin` varchar(255) DEFAULT NULL,
  `student_count` int(11) NOT NULL,
  `url` varchar(255) DEFAULT NULL,
  `deleted` bit(1) NOT NULL,
  PRIMARY KEY (`study_class_id`)
) ENGINE=InnoDB DEFAULT CHARSET=utf8mb4 COLLATE=utf8mb4_0900_ai_ci;



--
-- end  table dump : study_class
--



--
-- start  table dump : tag
--

CREATE TABLE IF NOT EXISTS `tag` (
  `tag_id` int(11) NOT NULL,
  `tag` varchar(255) DEFAULT NULL,
  `deleted` bit(1) NOT NULL,
  PRIMARY KEY (`tag_id`)
) ENGINE=InnoDB DEFAULT CHARSET=utf8mb4 COLLATE=utf8mb4_0900_ai_ci;



--
-- end  table dump : tag
--


--
-- Inserts of tag
--


/*!40000 ALTER TABLE `tag` DISABLE KEYS */;

--
-- start table insert : tag
--
INSERT INTO `tag`(`tag_id`, `tag`, `deleted`) VALUES 
(1390, 'Violence', 0),
(1391, 'Drug use', 0),
(1392, 'Abuse(mental, emotional, verbal)', 0),
(1399, 'Abuse(physical, sexual)', 0),
(1400, 'Animal cruelty or animal death', 0),
(1401, 'Suicide', 0),
(1402, 'Kidnapping (forceful deprivation of/disregard for personal autonomy)', 0),
(1403, 'Death or dying', 0),
(1404, 'Miscarriages/Abortion', 0),
(1405, 'Graphic injury', 0);
--
-- end table insert : tag
--

/*!40000 ALTER TABLE `tag` ENABLE KEYS */;


--
-- start  table dump : user
--

CREATE TABLE IF NOT EXISTS `user` (
  `user_id` int(11) NOT NULL,
  `authorities` longblob,
  `create_date_time` datetime DEFAULT NULL,
  `default_language` varchar(255) DEFAULT NULL,
  `deleted` bit(1) NOT NULL,
  `email_address` varchar(255) DEFAULT NULL,
  `enabled` bit(1) NOT NULL,
  `first_name` varchar(255) DEFAULT NULL,
  `last_name` varchar(255) DEFAULT NULL,
  `password` varchar(255) DEFAULT NULL,
  `permissions` longblob,
  `phone_number` varchar(255) DEFAULT NULL,
  `photo_path` varchar(255) DEFAULT NULL,
  `reset_token` varchar(255) DEFAULT NULL,
  `user_name` varchar(255) DEFAULT NULL,
  `update_date_time` datetime DEFAULT NULL,
  `creator_user_id` int(11) DEFAULT NULL,
  `creator` int(11) DEFAULT NULL,
  PRIMARY KEY (`user_id`),
  UNIQUE KEY `UK_d0ar1h7wcp7ldy6qg5859sol6` (`email_address`),
  UNIQUE KEY `UK_lqjrcobrh9jc8wpcar64q1bfh` (`user_name`),
  KEY `FKbermdp8isbchs4v9ryb65bf63` (`creator_user_id`),
  CONSTRAINT `FKbermdp8isbchs4v9ryb65bf63` FOREIGN KEY (`creator_user_id`) REFERENCES `user` (`user_id`)
) ENGINE=InnoDB DEFAULT CHARSET=utf8mb4 COLLATE=utf8mb4_0900_ai_ci;



--
-- end  table dump : user
--


--
-- Inserts of user
--


/*!40000 ALTER TABLE `user` DISABLE KEYS */;

--
-- start table insert : user
--
INSERT INTO `user`(`user_id`, `authorities`, `create_date_time`, `default_language`, `deleted`, `email_address`, `enabled`, `first_name`, `last_name`, `password`, `permissions`, `phone_number`, `photo_path`, `reset_token`, `user_name`, `update_date_time`, `creator_user_id`, `creator`) VALUES 
(1, '�� sr java.util.ArrayListx����a� I sizexp   w   sr Borg.springframework.security.core.authority.SimpleGrantedAuthority       L rolet Ljava/lang/String;xpt ROLE_SITE_USERsq ~ t ROLE_SYSTEM_ADMINsq ~ t ROLE_CONTENT_CURATORsq ~ t ROLE_TEACHERx', '2020-02-11 15:19:38', 'IT', 0, 'jrblanco@gmail.com', 1, 'Jonas', 'John', '$2a$10$gkANR6JB4s6DtnSSbtz9ouOWQS/ktjsbNIYt41F4qvktWydMnz5/a', '�� sr java.util.HashSet�D�����4  xpw   ?@     sr 5com.asylumproject.asylumproject.permission.Permission#��h(y| L idt Ljava/lang/Long;L namet ;Lcom/asylumproject/asylumproject/permission/PermissionName;xpsr java.lang.Long;��̏#� J valuexr java.lang.Number������  xp       ~r 9com.asylumproject.asylumproject.permission.PermissionName          xr java.lang.Enum          xpt ROLE_CONTENT_CURATORsq ~ sq ~        ~q ~ 	t ROLE_TEACHERsq ~ sq ~        ~q ~ 	t ROLE_SYSTEM_ADMINsq ~ sq ~        ~q ~ 	t ROLE_SITE_USERx', '987654321', 'X:', '7287f5a6-43ec-4438-b977-fa53c74ace74', 'JJonas', '2020-04-02 05:23:03', 1, 0),
(2, '�� sr java.util.ArrayListx����a� I sizexp   w   sr Borg.springframework.security.core.authority.SimpleGrantedAuthority       L rolet Ljava/lang/String;xpt ROLE_SITE_USERsq ~ t ROLE_CONTENT_CURATORsq ~ t ROLE_TEACHERsq ~ t ROLE_SYSTEM_ADMINx', '2020-02-11 15:24:00', 'EN', 0, 'blajorthemajor@gmail.com', 1, 'Joe', 'Schmoe', '$2a$10$xRuMX4lODX6LuG7YCx5ITOLoGZE89NQJeHiY3tjAAsOgQfF1SV1H6', '�� sr java.util.HashSet�D�����4  xpw   ?@     sr 5com.asylumproject.asylumproject.permission.Permission#��h(y| L idt Ljava/lang/Long;L namet ;Lcom/asylumproject/asylumproject/permission/PermissionName;xpsr java.lang.Long;��̏#� J valuexr java.lang.Number������  xp       ~r 9com.asylumproject.asylumproject.permission.PermissionName          xr java.lang.Enum          xpt ROLE_SITE_USERsq ~ sq ~        ~q ~ 	t ROLE_CONTENT_CURATORsq ~ sq ~        ~q ~ 	t ROLE_SYSTEM_ADMINsq ~ sq ~        ~q ~ 	t ROLE_TEACHERx', '123456789', 'D:', null, 'DJonas', '2020-04-02 05:23:03', 1, 0),
(70, '�� sr java.util.ArrayListx����a� I sizexp   w   sr Borg.springframework.security.core.authority.SimpleGrantedAuthority       L rolet Ljava/lang/String;xpt ROLE_CONTENT_CURATORsq ~ t ROLE_SITE_USERsq ~ t ROLE_SYSTEM_ADMINsq ~ t ROLE_TEACHERx', '2020-02-25 15:13:02', 'EN', 1, 'mjonas@fake.com', 0, 'Mike', 'Jonas', '$2a$10$sAuHU9cAXC9qCZVflTtt1.jNdqeGa45qq6JomSO3/TxqjZB3S2Sj.', '�� sr java.util.HashSet�D�����4  xpw   ?@     sr 5com.asylumproject.asylumproject.permission.Permission#��h(y| L idt Ljava/lang/Long;L namet ;Lcom/asylumproject/asylumproject/permission/PermissionName;xpsr java.lang.Long;��̏#� J valuexr java.lang.Number������  xp       ~r 9com.asylumproject.asylumproject.permission.PermissionName          xr java.lang.Enum          xpt ROLE_SITE_USERsq ~ sq ~        ~q ~ 	t ROLE_SYSTEM_ADMINsq ~ sq ~        ~q ~ 	t ROLE_TEACHERsq ~ sq ~        ~q ~ 	t ROLE_CONTENT_CURATORx', '123456789', 'X:', null, 'MJonas', '2020-02-25 15:31:39', 1, 0),
(75, '�� sr java.util.ArrayListx����a� I sizexp   w   sr Borg.springframework.security.core.authority.SimpleGrantedAuthority       L rolet Ljava/lang/String;xpt ROLE_SYSTEM_ADMINsq ~ t ROLE_SITE_USERx', '2020-02-25 15:40:35', 'EN', 0, 'jschmoe@fake.com', 0, 'Joe', 'Schmoe', '$2a$10$NTsssFY.74tKqu5eZ/Z0BeXzww1Kf.tDGw.R0Ucqo7xp8QDWEQpPG', '�� sr java.util.HashSet�D�����4  xpw   ?@     sr 5com.asylumproject.asylumproject.permission.Permission#��h(y| L idt Ljava/lang/Long;L namet ;Lcom/asylumproject/asylumproject/permission/PermissionName;xpsr java.lang.Long;��̏#� J valuexr java.lang.Number������  xp       ~r 9com.asylumproject.asylumproject.permission.PermissionName          xr java.lang.Enum          xpt ROLE_SYSTEM_ADMINsq ~ sq ~        ~q ~ 	t ROLE_SITE_USERx', '1234', 'C:', null, 'jSchmoe', '2020-03-21 14:42:23', 1, 0),
(634, '�� sr java.util.ArrayListx����a� I sizexp   w   sr Borg.springframework.security.core.authority.SimpleGrantedAuthority       L rolet Ljava/lang/String;xpt ROLE_TEACHERsq ~ t ROLE_SITE_USERsq ~ t ROLE_SYSTEM_ADMINsq ~ t ROLE_CONTENT_CURATORx', '2020-03-15 20:26:08', 'EN', 0, 'rjonas@fake.com', 0, 'Roger', 'Jonas', '$2a$10$xCsqHO0xoMOQTQdBvBSYluZB8VWySpg3K8QypX52AaxgOK.bMiGMS', '�� sr java.util.HashSet�D�����4  xpw   ?@     sr 5com.asylumproject.asylumproject.permission.Permission#��h(y| L idt Ljava/lang/Long;L namet ;Lcom/asylumproject/asylumproject/permission/PermissionName;xpsr java.lang.Long;��̏#� J valuexr java.lang.Number������  xp       ~r 9com.asylumproject.asylumproject.permission.PermissionName          xr java.lang.Enum          xpt ROLE_TEACHERsq ~ sq ~        ~q ~ 	t ROLE_SYSTEM_ADMINsq ~ sq ~        ~q ~ 	t ROLE_SITE_USERsq ~ sq ~        ~q ~ 	t ROLE_CONTENT_CURATORx', '123456789', 'X:', null, 'RJonas', '2020-04-02 01:40:28', 1, 0),
(641, '�� sr java.util.ArrayListx����a� I sizexp   w   sr Borg.springframework.security.core.authority.SimpleGrantedAuthority       L rolet Ljava/lang/String;xpt ROLE_TEACHERsq ~ t ROLE_CONTENT_CURATORsq ~ t ROLE_SITE_USERx', '2020-03-15 21:04:18', 'ES', 0, 'jblanco@fake.com', 0, 'Jorge', 'Blanco', '$2a$10$D1EMIj9rc8kdd2GLe1laQ.tzVPR6wGSESHZxQCd.4HuedSRejNfAe', '�� sr java.util.HashSet�D�����4  xpw   ?@     sr 5com.asylumproject.asylumproject.permission.Permission#��h(y| L idt Ljava/lang/Long;L namet ;Lcom/asylumproject/asylumproject/permission/PermissionName;xpsr java.lang.Long;��̏#� J valuexr java.lang.Number������  xp       ~r 9com.asylumproject.asylumproject.permission.PermissionName          xr java.lang.Enum          xpt ROLE_TEACHERsq ~ sq ~        ~q ~ 	t ROLE_CONTENT_CURATORsq ~ sq ~        ~q ~ 	t ROLE_SITE_USERx', '123456789', 'X:', null, 'JBlanco', '2020-03-15 21:04:19', 634, null),
(658, '�� sr java.util.ArrayListx����a� I sizexp   w   sr Borg.springframework.security.core.authority.SimpleGrantedAuthority       L rolet Ljava/lang/String;xpt ROLE_TEACHERsq ~ t ROLE_SITE_USERsq ~ t ROLE_CONTENT_CURATORx', '2020-03-15 21:50:42', 'KO', 0, 'jongil@sait.ca', 0, 'jongil', 'yoon', '$2a$10$s8yLsL1e.6gx2QTexsFpLO4yopfQFLt6qkGtz8qU1T.GkmzMYxSL.', '�� sr java.util.HashSet�D�����4  xpw   ?@     sr 5com.asylumproject.asylumproject.permission.Permission#��h(y| L idt Ljava/lang/Long;L namet ;Lcom/asylumproject/asylumproject/permission/PermissionName;xpsr java.lang.Long;��̏#� J valuexr java.lang.Number������  xp       ~r 9com.asylumproject.asylumproject.permission.PermissionName          xr java.lang.Enum          xpt ROLE_CONTENT_CURATORsq ~ sq ~        ~q ~ 	t ROLE_SITE_USERsq ~ sq ~        ~q ~ 	t ROLE_TEACHERx', '4565654654', 'c:', null, 'jongil', '2020-03-19 15:32:37', 2, null),
(750, '�� sr java.util.ArrayListx����a� I sizexp   w   sr Borg.springframework.security.core.authority.SimpleGrantedAuthority       L rolet Ljava/lang/String;xpt ROLE_SITE_USERx', '2020-03-16 21:53:20', 'EN', 0, 'bat@gotham.city', 0, 'Bruce', 'Wayne', '$2a$10$DpA9e1FcKJwTVES/RoU1Ke2YlLIDntdNa5vPdgTRFU6ppxedC9dvu', '�� sr java.util.HashSet�D�����4  xpw   ?@     sr 5com.asylumproject.asylumproject.permission.Permission#��h(y| L idt Ljava/lang/Long;L namet ;Lcom/asylumproject/asylumproject/permission/PermissionName;xpsr java.lang.Long;��̏#� J valuexr java.lang.Number������  xp       ~r 9com.asylumproject.asylumproject.permission.PermissionName          xr java.lang.Enum          xpt ROLE_SITE_USERx', '654654654', 'c:', null, 'batman', '2020-03-16 21:53:21', 2, null),
(755, '�� sr java.util.ArrayListx����a� I sizexp   w   sr Borg.springframework.security.core.authority.SimpleGrantedAuthority       L rolet Ljava/lang/String;xpt ROLE_SITE_USERsq ~ t ROLE_SYSTEM_ADMINsq ~ t ROLE_CONTENT_CURATORsq ~ t ROLE_TEACHERx', '2020-03-16 22:03:06', 'EN', 0, 'super@krypton.univ', 0, 'Kent', 'Clark', '$2a$10$oA821YO0QJ55EbBX2ELXHe60yA3DNqRnOtnHvjRKCUu02ro3IzhSS', '�� sr java.util.HashSet�D�����4  xpw   ?@     sr 5com.asylumproject.asylumproject.permission.Permission#��h(y| L idt Ljava/lang/Long;L namet ;Lcom/asylumproject/asylumproject/permission/PermissionName;xpsr java.lang.Long;��̏#� J valuexr java.lang.Number������  xp       ~r 9com.asylumproject.asylumproject.permission.PermissionName          xr java.lang.Enum          xpt ROLE_CONTENT_CURATORsq ~ sq ~        ~q ~ 	t ROLE_TEACHERsq ~ sq ~        ~q ~ 	t ROLE_SYSTEM_ADMINsq ~ sq ~        ~q ~ 	t ROLE_SITE_USERx', '65465464', 'c:', null, 'superman', '2020-03-31 14:27:32', 2, null);
--
-- end table insert : user
--

/*!40000 ALTER TABLE `user` ENABLE KEYS */;


--
-- start  table dump : user_attribute
--

CREATE TABLE IF NOT EXISTS `user_attribute` (
  `id` int(11) NOT NULL,
  `description` varchar(255) NOT NULL,
  `display_name` varchar(255) NOT NULL,
  `enabled` bit(1) NOT NULL,
  `name` varchar(255) NOT NULL,
  `type` varchar(255) NOT NULL,
  PRIMARY KEY (`id`)
) ENGINE=InnoDB DEFAULT CHARSET=utf8mb4 COLLATE=utf8mb4_0900_ai_ci;



--
-- end  table dump : user_attribute
--


/*!40101 SET SQL_MODE=IFNULL(@OLD_SQL_MODE, '') */;
/*!40014 SET FOREIGN_KEY_CHECKS=IF(@OLD_FOREIGN_KEY_CHECKS IS NULL, 1, @OLD_FOREIGN_KEY_CHECKS) */;
/*!40101 SET CHARACTER_SET_CLIENT=@OLD_CHARACTER_SET_CLIENT */;